/*!40101 SET @OLD_CHARACTER_SET_CLIENT=@@CHARACTER_SET_CLIENT */;
/*!40101 SET @OLD_CHARACTER_SET_RESULTS=@@CHARACTER_SET_RESULTS */;
/*!40101 SET @OLD_COLLATION_CONNECTION=@@COLLATION_CONNECTION */;
/*!40101 SET NAMES utf8mb4 */;
/*!40014 SET @OLD_UNIQUE_CHECKS=@@UNIQUE_CHECKS, UNIQUE_CHECKS=0 */;
/*!40014 SET @OLD_FOREIGN_KEY_CHECKS=@@FOREIGN_KEY_CHECKS, FOREIGN_KEY_CHECKS=0 */;
/*!40101 SET @OLD_SQL_MODE=@@SQL_MODE, SQL_MODE='NO_AUTO_VALUE_ON_ZERO' */;
/*!40111 SET @OLD_SQL_NOTES=@@SQL_NOTES, SQL_NOTES=0 */;

CREATE TABLE `matches` (
  `id` varchar(36) NOT NULL DEFAULT (uuid()),
  `address` varchar(255) NOT NULL,
  `occurs_at` datetime NOT NULL,
  PRIMARY KEY (`id`)
) ENGINE=InnoDB DEFAULT CHARSET=utf8mb4 COLLATE=utf8mb4_0900_ai_ci;

CREATE TABLE `player_matches` (
  `player_id` varchar(255) NOT NULL,
  `match_id` varchar(255) NOT NULL,
  UNIQUE KEY `player_matches_unique` (`match_id`,`player_id`),
  KEY `player_id` (`player_id`),
  CONSTRAINT `player_matches_ibfk_1` FOREIGN KEY (`match_id`) REFERENCES `matches` (`id`),
  CONSTRAINT `player_matches_ibfk_2` FOREIGN KEY (`player_id`) REFERENCES `players` (`id`)
) ENGINE=InnoDB DEFAULT CHARSET=utf8mb4 COLLATE=utf8mb4_0900_ai_ci;

CREATE TABLE `players` (
  `id` varchar(36) NOT NULL DEFAULT (uuid()),
  `first_name` varchar(255) NOT NULL,
  `last_name` varchar(255) NOT NULL,
  `number` int NOT NULL,
  `team_id` varchar(36) DEFAULT NULL,
  PRIMARY KEY (`id`),
  KEY `team_id` (`team_id`),
  CONSTRAINT `players_ibfk_1` FOREIGN KEY (`team_id`) REFERENCES `teams` (`id`)
) ENGINE=InnoDB DEFAULT CHARSET=utf8mb4 COLLATE=utf8mb4_0900_ai_ci;

CREATE TABLE `team_matches` (
  `match_id` varchar(255) NOT NULL,
  `team_id` varchar(255) NOT NULL,
  UNIQUE KEY `team_matches_unique` (`match_id`,`team_id`),
  KEY `team_id` (`team_id`),
  CONSTRAINT `team_matches_ibfk_1` FOREIGN KEY (`match_id`) REFERENCES `matches` (`id`),
  CONSTRAINT `team_matches_ibfk_2` FOREIGN KEY (`team_id`) REFERENCES `teams` (`id`)
) ENGINE=InnoDB DEFAULT CHARSET=utf8mb4 COLLATE=utf8mb4_0900_ai_ci;

CREATE TABLE `teams` (
  `id` varchar(36) NOT NULL DEFAULT (uuid()),
  `name` varchar(255) NOT NULL,
  PRIMARY KEY (`id`),
  UNIQUE KEY `name` (`name`)
) ENGINE=InnoDB DEFAULT CHARSET=utf8mb4 COLLATE=utf8mb4_0900_ai_ci;

INSERT INTO `matches` (`id`, `address`, `occurs_at`) VALUES
('014ac386-5310-401c-a8e1-65a0eb424719', 'ul.Time 82', '2022-04-19 08:16:54');
INSERT INTO `matches` (`id`, `address`, `occurs_at`) VALUES
('14888037-ed3e-49a9-8ab6-bb1733c4da96', 'ul.Worst 26', '2021-04-21 09:09:33');
INSERT INTO `matches` (`id`, `address`, `occurs_at`) VALUES
('2bf68bdf-930f-4bb0-afa3-76975849faa5', 'ul.Cracked 55', '2021-05-17 06:04:52');
INSERT INTO `matches` (`id`, `address`, `occurs_at`) VALUES
('32937a83-b1a1-4ce5-a4e7-727177f53a0c', 'ul.Game 95', '2021-05-20 05:00:09'),
('392c221a-69eb-4e4c-b5d2-b34f878b922c', 'ul.Cool 80', '2020-08-22 02:51:09'),
('3b0bdf67-1089-4298-b695-b24107b4ebc5', 'ul.Near 31', '2021-01-11 21:36:58'),
('3ed4d43d-6c4e-4fcd-940e-f8054a2f6476', 'ul.Ready 90', '2023-10-24 02:44:37'),
('466f6e89-3ace-408b-bfe0-c15ab4f8079e', 'ul.Theme 33', '2021-08-27 19:40:12'),
('5cfaa90a-6853-437f-96ac-42122826ac7a', 'ul.Tall 12', '2020-07-09 04:53:24'),
('62c688a1-5a33-450f-ad8b-608f91becea5', 'ul.Echo 34', '2021-09-08 05:14:51'),
('6d3a4d43-06ea-478e-9a19-e2a8ea1dd28d', 'ul.Fear 67', '2022-02-02 17:48:42'),
('6dd93562-a751-4a93-b679-2786c07d6503', 'ul.Sad 44', '2022-08-29 02:43:02'),
('9c48af2a-4524-4942-acc8-696744126593', 'ul.Assault 81', '2023-11-20 19:46:05'),
('ca99a63b-3a21-4e1a-8e2d-a6b09b487811', 'ul.Camel 7', '2023-02-16 00:03:54'),
('dbcfa78d-d04c-4f6e-b835-561dd7f274d6', 'ul.Dead 33', '2021-12-15 08:52:55');

INSERT INTO `player_matches` (`player_id`, `match_id`) VALUES
('0034fc6c-09d1-44d1-8c03-482f55d00b52', '014ac386-5310-401c-a8e1-65a0eb424719');
INSERT INTO `player_matches` (`player_id`, `match_id`) VALUES
('0034fc6c-09d1-44d1-8c03-482f55d00b52', '14888037-ed3e-49a9-8ab6-bb1733c4da96');
INSERT INTO `player_matches` (`player_id`, `match_id`) VALUES
('0034fc6c-09d1-44d1-8c03-482f55d00b52', '2bf68bdf-930f-4bb0-afa3-76975849faa5');
INSERT INTO `player_matches` (`player_id`, `match_id`) VALUES
('0034fc6c-09d1-44d1-8c03-482f55d00b52', '392c221a-69eb-4e4c-b5d2-b34f878b922c'),
('0034fc6c-09d1-44d1-8c03-482f55d00b52', '3b0bdf67-1089-4298-b695-b24107b4ebc5'),
('0034fc6c-09d1-44d1-8c03-482f55d00b52', '3ed4d43d-6c4e-4fcd-940e-f8054a2f6476'),
('0034fc6c-09d1-44d1-8c03-482f55d00b52', '466f6e89-3ace-408b-bfe0-c15ab4f8079e'),
('0034fc6c-09d1-44d1-8c03-482f55d00b52', '5cfaa90a-6853-437f-96ac-42122826ac7a'),
('0034fc6c-09d1-44d1-8c03-482f55d00b52', '62c688a1-5a33-450f-ad8b-608f91becea5'),
('0034fc6c-09d1-44d1-8c03-482f55d00b52', '6d3a4d43-06ea-478e-9a19-e2a8ea1dd28d'),
('0034fc6c-09d1-44d1-8c03-482f55d00b52', '6dd93562-a751-4a93-b679-2786c07d6503'),
('0034fc6c-09d1-44d1-8c03-482f55d00b52', '9c48af2a-4524-4942-acc8-696744126593'),
('0034fc6c-09d1-44d1-8c03-482f55d00b52', 'ca99a63b-3a21-4e1a-8e2d-a6b09b487811'),
('0034fc6c-09d1-44d1-8c03-482f55d00b52', 'dbcfa78d-d04c-4f6e-b835-561dd7f274d6'),
('01009adf-a8bb-4572-836b-33f738763190', '014ac386-5310-401c-a8e1-65a0eb424719'),
('01009adf-a8bb-4572-836b-33f738763190', '2bf68bdf-930f-4bb0-afa3-76975849faa5'),
('01009adf-a8bb-4572-836b-33f738763190', '32937a83-b1a1-4ce5-a4e7-727177f53a0c'),
('01009adf-a8bb-4572-836b-33f738763190', '392c221a-69eb-4e4c-b5d2-b34f878b922c'),
('01009adf-a8bb-4572-836b-33f738763190', '3b0bdf67-1089-4298-b695-b24107b4ebc5'),
('01009adf-a8bb-4572-836b-33f738763190', '3ed4d43d-6c4e-4fcd-940e-f8054a2f6476'),
('01009adf-a8bb-4572-836b-33f738763190', '466f6e89-3ace-408b-bfe0-c15ab4f8079e'),
('01009adf-a8bb-4572-836b-33f738763190', '5cfaa90a-6853-437f-96ac-42122826ac7a'),
('01009adf-a8bb-4572-836b-33f738763190', '62c688a1-5a33-450f-ad8b-608f91becea5'),
('01009adf-a8bb-4572-836b-33f738763190', '6dd93562-a751-4a93-b679-2786c07d6503'),
('01009adf-a8bb-4572-836b-33f738763190', '9c48af2a-4524-4942-acc8-696744126593'),
('01009adf-a8bb-4572-836b-33f738763190', 'ca99a63b-3a21-4e1a-8e2d-a6b09b487811'),
('01009adf-a8bb-4572-836b-33f738763190', 'dbcfa78d-d04c-4f6e-b835-561dd7f274d6'),
('0a6e6286-970f-4968-bc54-6686d0fa6154', '14888037-ed3e-49a9-8ab6-bb1733c4da96'),
('0a6e6286-970f-4968-bc54-6686d0fa6154', '2bf68bdf-930f-4bb0-afa3-76975849faa5'),
('0a6e6286-970f-4968-bc54-6686d0fa6154', '32937a83-b1a1-4ce5-a4e7-727177f53a0c'),
('0a6e6286-970f-4968-bc54-6686d0fa6154', '392c221a-69eb-4e4c-b5d2-b34f878b922c'),
('0a6e6286-970f-4968-bc54-6686d0fa6154', '3b0bdf67-1089-4298-b695-b24107b4ebc5'),
('0a6e6286-970f-4968-bc54-6686d0fa6154', '3ed4d43d-6c4e-4fcd-940e-f8054a2f6476'),
('0a6e6286-970f-4968-bc54-6686d0fa6154', '466f6e89-3ace-408b-bfe0-c15ab4f8079e'),
('0a6e6286-970f-4968-bc54-6686d0fa6154', '5cfaa90a-6853-437f-96ac-42122826ac7a'),
('0a6e6286-970f-4968-bc54-6686d0fa6154', '62c688a1-5a33-450f-ad8b-608f91becea5'),
('0a6e6286-970f-4968-bc54-6686d0fa6154', '6dd93562-a751-4a93-b679-2786c07d6503'),
('0a6e6286-970f-4968-bc54-6686d0fa6154', '9c48af2a-4524-4942-acc8-696744126593'),
('0a6e6286-970f-4968-bc54-6686d0fa6154', 'ca99a63b-3a21-4e1a-8e2d-a6b09b487811'),
('0a6e6286-970f-4968-bc54-6686d0fa6154', 'dbcfa78d-d04c-4f6e-b835-561dd7f274d6'),
('0cc6d921-ba6b-4c94-b3cf-c29db40ad978', '14888037-ed3e-49a9-8ab6-bb1733c4da96'),
('0cc6d921-ba6b-4c94-b3cf-c29db40ad978', '2bf68bdf-930f-4bb0-afa3-76975849faa5'),
('0cc6d921-ba6b-4c94-b3cf-c29db40ad978', '32937a83-b1a1-4ce5-a4e7-727177f53a0c'),
('0cc6d921-ba6b-4c94-b3cf-c29db40ad978', '392c221a-69eb-4e4c-b5d2-b34f878b922c'),
('0cc6d921-ba6b-4c94-b3cf-c29db40ad978', '3b0bdf67-1089-4298-b695-b24107b4ebc5'),
('0cc6d921-ba6b-4c94-b3cf-c29db40ad978', '3ed4d43d-6c4e-4fcd-940e-f8054a2f6476'),
('0cc6d921-ba6b-4c94-b3cf-c29db40ad978', '466f6e89-3ace-408b-bfe0-c15ab4f8079e'),
('0cc6d921-ba6b-4c94-b3cf-c29db40ad978', '5cfaa90a-6853-437f-96ac-42122826ac7a'),
('0cc6d921-ba6b-4c94-b3cf-c29db40ad978', '62c688a1-5a33-450f-ad8b-608f91becea5'),
('0cc6d921-ba6b-4c94-b3cf-c29db40ad978', '6dd93562-a751-4a93-b679-2786c07d6503'),
('0cc6d921-ba6b-4c94-b3cf-c29db40ad978', '9c48af2a-4524-4942-acc8-696744126593'),
('0cc6d921-ba6b-4c94-b3cf-c29db40ad978', 'ca99a63b-3a21-4e1a-8e2d-a6b09b487811'),
('0cc6d921-ba6b-4c94-b3cf-c29db40ad978', 'dbcfa78d-d04c-4f6e-b835-561dd7f274d6'),
('0d53f37c-dea3-4ba9-a114-24005fcd7ac0', '014ac386-5310-401c-a8e1-65a0eb424719'),
('0d53f37c-dea3-4ba9-a114-24005fcd7ac0', '32937a83-b1a1-4ce5-a4e7-727177f53a0c'),
('0d53f37c-dea3-4ba9-a114-24005fcd7ac0', '392c221a-69eb-4e4c-b5d2-b34f878b922c'),
('0d53f37c-dea3-4ba9-a114-24005fcd7ac0', '3b0bdf67-1089-4298-b695-b24107b4ebc5'),
('0d53f37c-dea3-4ba9-a114-24005fcd7ac0', '3ed4d43d-6c4e-4fcd-940e-f8054a2f6476'),
('0d53f37c-dea3-4ba9-a114-24005fcd7ac0', '466f6e89-3ace-408b-bfe0-c15ab4f8079e'),
('0d53f37c-dea3-4ba9-a114-24005fcd7ac0', '5cfaa90a-6853-437f-96ac-42122826ac7a'),
('0d53f37c-dea3-4ba9-a114-24005fcd7ac0', '62c688a1-5a33-450f-ad8b-608f91becea5'),
('0d53f37c-dea3-4ba9-a114-24005fcd7ac0', '6d3a4d43-06ea-478e-9a19-e2a8ea1dd28d'),
('0d53f37c-dea3-4ba9-a114-24005fcd7ac0', '6dd93562-a751-4a93-b679-2786c07d6503'),
('0d53f37c-dea3-4ba9-a114-24005fcd7ac0', '9c48af2a-4524-4942-acc8-696744126593'),
('0d53f37c-dea3-4ba9-a114-24005fcd7ac0', 'dbcfa78d-d04c-4f6e-b835-561dd7f274d6'),
('193d96cf-4216-4054-9b34-71b07972f63f', '014ac386-5310-401c-a8e1-65a0eb424719'),
('193d96cf-4216-4054-9b34-71b07972f63f', '14888037-ed3e-49a9-8ab6-bb1733c4da96'),
('193d96cf-4216-4054-9b34-71b07972f63f', '2bf68bdf-930f-4bb0-afa3-76975849faa5'),
('193d96cf-4216-4054-9b34-71b07972f63f', '32937a83-b1a1-4ce5-a4e7-727177f53a0c'),
('193d96cf-4216-4054-9b34-71b07972f63f', '392c221a-69eb-4e4c-b5d2-b34f878b922c'),
('193d96cf-4216-4054-9b34-71b07972f63f', '3b0bdf67-1089-4298-b695-b24107b4ebc5'),
('193d96cf-4216-4054-9b34-71b07972f63f', '3ed4d43d-6c4e-4fcd-940e-f8054a2f6476'),
('193d96cf-4216-4054-9b34-71b07972f63f', '466f6e89-3ace-408b-bfe0-c15ab4f8079e'),
('193d96cf-4216-4054-9b34-71b07972f63f', '5cfaa90a-6853-437f-96ac-42122826ac7a'),
('193d96cf-4216-4054-9b34-71b07972f63f', '62c688a1-5a33-450f-ad8b-608f91becea5'),
('193d96cf-4216-4054-9b34-71b07972f63f', '6d3a4d43-06ea-478e-9a19-e2a8ea1dd28d'),
('193d96cf-4216-4054-9b34-71b07972f63f', '6dd93562-a751-4a93-b679-2786c07d6503'),
('193d96cf-4216-4054-9b34-71b07972f63f', '9c48af2a-4524-4942-acc8-696744126593'),
('193d96cf-4216-4054-9b34-71b07972f63f', 'ca99a63b-3a21-4e1a-8e2d-a6b09b487811'),
('1a1f1144-d9a7-4d80-8009-65f0b5661bb3', '014ac386-5310-401c-a8e1-65a0eb424719'),
('1a1f1144-d9a7-4d80-8009-65f0b5661bb3', '14888037-ed3e-49a9-8ab6-bb1733c4da96'),
('1a1f1144-d9a7-4d80-8009-65f0b5661bb3', '2bf68bdf-930f-4bb0-afa3-76975849faa5'),
('1a1f1144-d9a7-4d80-8009-65f0b5661bb3', '392c221a-69eb-4e4c-b5d2-b34f878b922c'),
('1a1f1144-d9a7-4d80-8009-65f0b5661bb3', '3b0bdf67-1089-4298-b695-b24107b4ebc5'),
('1a1f1144-d9a7-4d80-8009-65f0b5661bb3', '3ed4d43d-6c4e-4fcd-940e-f8054a2f6476'),
('1a1f1144-d9a7-4d80-8009-65f0b5661bb3', '466f6e89-3ace-408b-bfe0-c15ab4f8079e'),
('1a1f1144-d9a7-4d80-8009-65f0b5661bb3', '5cfaa90a-6853-437f-96ac-42122826ac7a'),
('1a1f1144-d9a7-4d80-8009-65f0b5661bb3', '62c688a1-5a33-450f-ad8b-608f91becea5'),
('1a1f1144-d9a7-4d80-8009-65f0b5661bb3', '6d3a4d43-06ea-478e-9a19-e2a8ea1dd28d'),
('1a1f1144-d9a7-4d80-8009-65f0b5661bb3', '6dd93562-a751-4a93-b679-2786c07d6503'),
('1a1f1144-d9a7-4d80-8009-65f0b5661bb3', '9c48af2a-4524-4942-acc8-696744126593'),
('1a1f1144-d9a7-4d80-8009-65f0b5661bb3', 'ca99a63b-3a21-4e1a-8e2d-a6b09b487811'),
('1a1f1144-d9a7-4d80-8009-65f0b5661bb3', 'dbcfa78d-d04c-4f6e-b835-561dd7f274d6'),
('212d4df6-be87-4e9f-a681-4f5a56b0debd', '014ac386-5310-401c-a8e1-65a0eb424719'),
('212d4df6-be87-4e9f-a681-4f5a56b0debd', '2bf68bdf-930f-4bb0-afa3-76975849faa5'),
('212d4df6-be87-4e9f-a681-4f5a56b0debd', '32937a83-b1a1-4ce5-a4e7-727177f53a0c'),
('212d4df6-be87-4e9f-a681-4f5a56b0debd', '392c221a-69eb-4e4c-b5d2-b34f878b922c'),
('212d4df6-be87-4e9f-a681-4f5a56b0debd', '3b0bdf67-1089-4298-b695-b24107b4ebc5'),
('212d4df6-be87-4e9f-a681-4f5a56b0debd', '3ed4d43d-6c4e-4fcd-940e-f8054a2f6476'),
('212d4df6-be87-4e9f-a681-4f5a56b0debd', '5cfaa90a-6853-437f-96ac-42122826ac7a'),
('212d4df6-be87-4e9f-a681-4f5a56b0debd', '62c688a1-5a33-450f-ad8b-608f91becea5'),
('212d4df6-be87-4e9f-a681-4f5a56b0debd', '6d3a4d43-06ea-478e-9a19-e2a8ea1dd28d'),
('212d4df6-be87-4e9f-a681-4f5a56b0debd', '6dd93562-a751-4a93-b679-2786c07d6503'),
('212d4df6-be87-4e9f-a681-4f5a56b0debd', '9c48af2a-4524-4942-acc8-696744126593'),
('212d4df6-be87-4e9f-a681-4f5a56b0debd', 'ca99a63b-3a21-4e1a-8e2d-a6b09b487811'),
('213d6549-df8b-40db-a0c2-e2011b06d156', '014ac386-5310-401c-a8e1-65a0eb424719'),
('213d6549-df8b-40db-a0c2-e2011b06d156', '14888037-ed3e-49a9-8ab6-bb1733c4da96'),
('213d6549-df8b-40db-a0c2-e2011b06d156', '32937a83-b1a1-4ce5-a4e7-727177f53a0c'),
('213d6549-df8b-40db-a0c2-e2011b06d156', '392c221a-69eb-4e4c-b5d2-b34f878b922c'),
('213d6549-df8b-40db-a0c2-e2011b06d156', '3ed4d43d-6c4e-4fcd-940e-f8054a2f6476'),
('213d6549-df8b-40db-a0c2-e2011b06d156', '5cfaa90a-6853-437f-96ac-42122826ac7a'),
('213d6549-df8b-40db-a0c2-e2011b06d156', '62c688a1-5a33-450f-ad8b-608f91becea5'),
('213d6549-df8b-40db-a0c2-e2011b06d156', '6d3a4d43-06ea-478e-9a19-e2a8ea1dd28d'),
('213d6549-df8b-40db-a0c2-e2011b06d156', '6dd93562-a751-4a93-b679-2786c07d6503'),
('213d6549-df8b-40db-a0c2-e2011b06d156', '9c48af2a-4524-4942-acc8-696744126593'),
('213d6549-df8b-40db-a0c2-e2011b06d156', 'ca99a63b-3a21-4e1a-8e2d-a6b09b487811'),
('213d6549-df8b-40db-a0c2-e2011b06d156', 'dbcfa78d-d04c-4f6e-b835-561dd7f274d6'),
('21b85793-f64f-476c-bca2-e5d5668f2a19', '014ac386-5310-401c-a8e1-65a0eb424719'),
('21b85793-f64f-476c-bca2-e5d5668f2a19', '32937a83-b1a1-4ce5-a4e7-727177f53a0c'),
('21b85793-f64f-476c-bca2-e5d5668f2a19', '392c221a-69eb-4e4c-b5d2-b34f878b922c'),
('21b85793-f64f-476c-bca2-e5d5668f2a19', '3b0bdf67-1089-4298-b695-b24107b4ebc5'),
('21b85793-f64f-476c-bca2-e5d5668f2a19', '3ed4d43d-6c4e-4fcd-940e-f8054a2f6476'),
('21b85793-f64f-476c-bca2-e5d5668f2a19', '466f6e89-3ace-408b-bfe0-c15ab4f8079e'),
('21b85793-f64f-476c-bca2-e5d5668f2a19', '5cfaa90a-6853-437f-96ac-42122826ac7a'),
('21b85793-f64f-476c-bca2-e5d5668f2a19', '62c688a1-5a33-450f-ad8b-608f91becea5'),
('21b85793-f64f-476c-bca2-e5d5668f2a19', '6d3a4d43-06ea-478e-9a19-e2a8ea1dd28d'),
('21b85793-f64f-476c-bca2-e5d5668f2a19', '6dd93562-a751-4a93-b679-2786c07d6503'),
('21b85793-f64f-476c-bca2-e5d5668f2a19', '9c48af2a-4524-4942-acc8-696744126593'),
('21b85793-f64f-476c-bca2-e5d5668f2a19', 'ca99a63b-3a21-4e1a-8e2d-a6b09b487811'),
('21b85793-f64f-476c-bca2-e5d5668f2a19', 'dbcfa78d-d04c-4f6e-b835-561dd7f274d6'),
('237b10c8-b21b-41fe-a1ff-16a3d0ac935e', '014ac386-5310-401c-a8e1-65a0eb424719'),
('237b10c8-b21b-41fe-a1ff-16a3d0ac935e', '14888037-ed3e-49a9-8ab6-bb1733c4da96'),
('237b10c8-b21b-41fe-a1ff-16a3d0ac935e', '2bf68bdf-930f-4bb0-afa3-76975849faa5'),
('237b10c8-b21b-41fe-a1ff-16a3d0ac935e', '392c221a-69eb-4e4c-b5d2-b34f878b922c'),
('237b10c8-b21b-41fe-a1ff-16a3d0ac935e', '3b0bdf67-1089-4298-b695-b24107b4ebc5'),
('237b10c8-b21b-41fe-a1ff-16a3d0ac935e', '3ed4d43d-6c4e-4fcd-940e-f8054a2f6476'),
('237b10c8-b21b-41fe-a1ff-16a3d0ac935e', '466f6e89-3ace-408b-bfe0-c15ab4f8079e'),
('237b10c8-b21b-41fe-a1ff-16a3d0ac935e', '5cfaa90a-6853-437f-96ac-42122826ac7a'),
('237b10c8-b21b-41fe-a1ff-16a3d0ac935e', '62c688a1-5a33-450f-ad8b-608f91becea5'),
('237b10c8-b21b-41fe-a1ff-16a3d0ac935e', '6d3a4d43-06ea-478e-9a19-e2a8ea1dd28d'),
('237b10c8-b21b-41fe-a1ff-16a3d0ac935e', '6dd93562-a751-4a93-b679-2786c07d6503'),
('237b10c8-b21b-41fe-a1ff-16a3d0ac935e', '9c48af2a-4524-4942-acc8-696744126593'),
('237b10c8-b21b-41fe-a1ff-16a3d0ac935e', 'ca99a63b-3a21-4e1a-8e2d-a6b09b487811'),
('243a431e-d53d-4e61-b08d-91f9a1a7b1ca', '014ac386-5310-401c-a8e1-65a0eb424719'),
('243a431e-d53d-4e61-b08d-91f9a1a7b1ca', '2bf68bdf-930f-4bb0-afa3-76975849faa5'),
('243a431e-d53d-4e61-b08d-91f9a1a7b1ca', '32937a83-b1a1-4ce5-a4e7-727177f53a0c'),
('243a431e-d53d-4e61-b08d-91f9a1a7b1ca', '392c221a-69eb-4e4c-b5d2-b34f878b922c'),
('243a431e-d53d-4e61-b08d-91f9a1a7b1ca', '3b0bdf67-1089-4298-b695-b24107b4ebc5'),
('243a431e-d53d-4e61-b08d-91f9a1a7b1ca', '3ed4d43d-6c4e-4fcd-940e-f8054a2f6476'),
('243a431e-d53d-4e61-b08d-91f9a1a7b1ca', '466f6e89-3ace-408b-bfe0-c15ab4f8079e'),
('243a431e-d53d-4e61-b08d-91f9a1a7b1ca', '5cfaa90a-6853-437f-96ac-42122826ac7a'),
('243a431e-d53d-4e61-b08d-91f9a1a7b1ca', '62c688a1-5a33-450f-ad8b-608f91becea5'),
('243a431e-d53d-4e61-b08d-91f9a1a7b1ca', '6dd93562-a751-4a93-b679-2786c07d6503'),
('243a431e-d53d-4e61-b08d-91f9a1a7b1ca', '9c48af2a-4524-4942-acc8-696744126593'),
('243a431e-d53d-4e61-b08d-91f9a1a7b1ca', 'ca99a63b-3a21-4e1a-8e2d-a6b09b487811'),
('243a431e-d53d-4e61-b08d-91f9a1a7b1ca', 'dbcfa78d-d04c-4f6e-b835-561dd7f274d6'),
('24684444-7451-44e0-b260-aec2cf1cba4b', '014ac386-5310-401c-a8e1-65a0eb424719'),
('24684444-7451-44e0-b260-aec2cf1cba4b', '2bf68bdf-930f-4bb0-afa3-76975849faa5'),
('24684444-7451-44e0-b260-aec2cf1cba4b', '3b0bdf67-1089-4298-b695-b24107b4ebc5'),
('24684444-7451-44e0-b260-aec2cf1cba4b', '3ed4d43d-6c4e-4fcd-940e-f8054a2f6476'),
('24684444-7451-44e0-b260-aec2cf1cba4b', '466f6e89-3ace-408b-bfe0-c15ab4f8079e'),
('24684444-7451-44e0-b260-aec2cf1cba4b', '5cfaa90a-6853-437f-96ac-42122826ac7a'),
('24684444-7451-44e0-b260-aec2cf1cba4b', '62c688a1-5a33-450f-ad8b-608f91becea5'),
('24684444-7451-44e0-b260-aec2cf1cba4b', '6d3a4d43-06ea-478e-9a19-e2a8ea1dd28d'),
('24684444-7451-44e0-b260-aec2cf1cba4b', '9c48af2a-4524-4942-acc8-696744126593'),
('24684444-7451-44e0-b260-aec2cf1cba4b', 'ca99a63b-3a21-4e1a-8e2d-a6b09b487811'),
('24684444-7451-44e0-b260-aec2cf1cba4b', 'dbcfa78d-d04c-4f6e-b835-561dd7f274d6'),
('28d848a4-a202-47e9-89c3-40c97c9a3a77', '014ac386-5310-401c-a8e1-65a0eb424719'),
('28d848a4-a202-47e9-89c3-40c97c9a3a77', '14888037-ed3e-49a9-8ab6-bb1733c4da96'),
('28d848a4-a202-47e9-89c3-40c97c9a3a77', '2bf68bdf-930f-4bb0-afa3-76975849faa5'),
('28d848a4-a202-47e9-89c3-40c97c9a3a77', '32937a83-b1a1-4ce5-a4e7-727177f53a0c'),
('28d848a4-a202-47e9-89c3-40c97c9a3a77', '392c221a-69eb-4e4c-b5d2-b34f878b922c'),
('28d848a4-a202-47e9-89c3-40c97c9a3a77', '3b0bdf67-1089-4298-b695-b24107b4ebc5'),
('28d848a4-a202-47e9-89c3-40c97c9a3a77', '3ed4d43d-6c4e-4fcd-940e-f8054a2f6476'),
('28d848a4-a202-47e9-89c3-40c97c9a3a77', '466f6e89-3ace-408b-bfe0-c15ab4f8079e'),
('28d848a4-a202-47e9-89c3-40c97c9a3a77', '5cfaa90a-6853-437f-96ac-42122826ac7a'),
('28d848a4-a202-47e9-89c3-40c97c9a3a77', '62c688a1-5a33-450f-ad8b-608f91becea5'),
('28d848a4-a202-47e9-89c3-40c97c9a3a77', '6d3a4d43-06ea-478e-9a19-e2a8ea1dd28d'),
('28d848a4-a202-47e9-89c3-40c97c9a3a77', '6dd93562-a751-4a93-b679-2786c07d6503'),
('28d848a4-a202-47e9-89c3-40c97c9a3a77', '9c48af2a-4524-4942-acc8-696744126593'),
('28d848a4-a202-47e9-89c3-40c97c9a3a77', 'ca99a63b-3a21-4e1a-8e2d-a6b09b487811'),
('28d848a4-a202-47e9-89c3-40c97c9a3a77', 'dbcfa78d-d04c-4f6e-b835-561dd7f274d6'),
('292c931f-50f7-4f75-9101-c84f3e6d407d', '014ac386-5310-401c-a8e1-65a0eb424719'),
('292c931f-50f7-4f75-9101-c84f3e6d407d', '2bf68bdf-930f-4bb0-afa3-76975849faa5'),
('292c931f-50f7-4f75-9101-c84f3e6d407d', '32937a83-b1a1-4ce5-a4e7-727177f53a0c'),
('292c931f-50f7-4f75-9101-c84f3e6d407d', '392c221a-69eb-4e4c-b5d2-b34f878b922c'),
('292c931f-50f7-4f75-9101-c84f3e6d407d', '3ed4d43d-6c4e-4fcd-940e-f8054a2f6476'),
('292c931f-50f7-4f75-9101-c84f3e6d407d', '466f6e89-3ace-408b-bfe0-c15ab4f8079e'),
('292c931f-50f7-4f75-9101-c84f3e6d407d', '5cfaa90a-6853-437f-96ac-42122826ac7a'),
('292c931f-50f7-4f75-9101-c84f3e6d407d', '62c688a1-5a33-450f-ad8b-608f91becea5'),
('292c931f-50f7-4f75-9101-c84f3e6d407d', '6d3a4d43-06ea-478e-9a19-e2a8ea1dd28d'),
('292c931f-50f7-4f75-9101-c84f3e6d407d', '6dd93562-a751-4a93-b679-2786c07d6503'),
('292c931f-50f7-4f75-9101-c84f3e6d407d', '9c48af2a-4524-4942-acc8-696744126593'),
('292c931f-50f7-4f75-9101-c84f3e6d407d', 'ca99a63b-3a21-4e1a-8e2d-a6b09b487811'),
('292c931f-50f7-4f75-9101-c84f3e6d407d', 'dbcfa78d-d04c-4f6e-b835-561dd7f274d6'),
('304b8930-fb85-4a77-97d5-e020a04737eb', '014ac386-5310-401c-a8e1-65a0eb424719'),
('304b8930-fb85-4a77-97d5-e020a04737eb', '14888037-ed3e-49a9-8ab6-bb1733c4da96'),
('304b8930-fb85-4a77-97d5-e020a04737eb', '2bf68bdf-930f-4bb0-afa3-76975849faa5'),
('304b8930-fb85-4a77-97d5-e020a04737eb', '32937a83-b1a1-4ce5-a4e7-727177f53a0c'),
('304b8930-fb85-4a77-97d5-e020a04737eb', '392c221a-69eb-4e4c-b5d2-b34f878b922c'),
('304b8930-fb85-4a77-97d5-e020a04737eb', '3b0bdf67-1089-4298-b695-b24107b4ebc5'),
('304b8930-fb85-4a77-97d5-e020a04737eb', '3ed4d43d-6c4e-4fcd-940e-f8054a2f6476'),
('304b8930-fb85-4a77-97d5-e020a04737eb', '466f6e89-3ace-408b-bfe0-c15ab4f8079e'),
('304b8930-fb85-4a77-97d5-e020a04737eb', '5cfaa90a-6853-437f-96ac-42122826ac7a'),
('304b8930-fb85-4a77-97d5-e020a04737eb', '62c688a1-5a33-450f-ad8b-608f91becea5'),
('304b8930-fb85-4a77-97d5-e020a04737eb', '6d3a4d43-06ea-478e-9a19-e2a8ea1dd28d'),
('304b8930-fb85-4a77-97d5-e020a04737eb', '6dd93562-a751-4a93-b679-2786c07d6503'),
('304b8930-fb85-4a77-97d5-e020a04737eb', '9c48af2a-4524-4942-acc8-696744126593'),
('304b8930-fb85-4a77-97d5-e020a04737eb', 'ca99a63b-3a21-4e1a-8e2d-a6b09b487811'),
('3585e3c3-9f3c-482c-bef9-7d71eadc4c11', '014ac386-5310-401c-a8e1-65a0eb424719'),
('3585e3c3-9f3c-482c-bef9-7d71eadc4c11', '2bf68bdf-930f-4bb0-afa3-76975849faa5'),
('3585e3c3-9f3c-482c-bef9-7d71eadc4c11', '32937a83-b1a1-4ce5-a4e7-727177f53a0c'),
('3585e3c3-9f3c-482c-bef9-7d71eadc4c11', '392c221a-69eb-4e4c-b5d2-b34f878b922c'),
('3585e3c3-9f3c-482c-bef9-7d71eadc4c11', '3b0bdf67-1089-4298-b695-b24107b4ebc5'),
('3585e3c3-9f3c-482c-bef9-7d71eadc4c11', '3ed4d43d-6c4e-4fcd-940e-f8054a2f6476'),
('3585e3c3-9f3c-482c-bef9-7d71eadc4c11', '466f6e89-3ace-408b-bfe0-c15ab4f8079e'),
('3585e3c3-9f3c-482c-bef9-7d71eadc4c11', '5cfaa90a-6853-437f-96ac-42122826ac7a'),
('3585e3c3-9f3c-482c-bef9-7d71eadc4c11', '62c688a1-5a33-450f-ad8b-608f91becea5'),
('3585e3c3-9f3c-482c-bef9-7d71eadc4c11', '6d3a4d43-06ea-478e-9a19-e2a8ea1dd28d'),
('3585e3c3-9f3c-482c-bef9-7d71eadc4c11', '6dd93562-a751-4a93-b679-2786c07d6503'),
('3585e3c3-9f3c-482c-bef9-7d71eadc4c11', '9c48af2a-4524-4942-acc8-696744126593'),
('3585e3c3-9f3c-482c-bef9-7d71eadc4c11', 'ca99a63b-3a21-4e1a-8e2d-a6b09b487811'),
('3585e3c3-9f3c-482c-bef9-7d71eadc4c11', 'dbcfa78d-d04c-4f6e-b835-561dd7f274d6'),
('3800a8f4-c41b-4d46-bd01-43c3aab37117', '014ac386-5310-401c-a8e1-65a0eb424719'),
('3800a8f4-c41b-4d46-bd01-43c3aab37117', '14888037-ed3e-49a9-8ab6-bb1733c4da96'),
('3800a8f4-c41b-4d46-bd01-43c3aab37117', '2bf68bdf-930f-4bb0-afa3-76975849faa5'),
('3800a8f4-c41b-4d46-bd01-43c3aab37117', '32937a83-b1a1-4ce5-a4e7-727177f53a0c'),
('3800a8f4-c41b-4d46-bd01-43c3aab37117', '392c221a-69eb-4e4c-b5d2-b34f878b922c'),
('3800a8f4-c41b-4d46-bd01-43c3aab37117', '3ed4d43d-6c4e-4fcd-940e-f8054a2f6476'),
('3800a8f4-c41b-4d46-bd01-43c3aab37117', '466f6e89-3ace-408b-bfe0-c15ab4f8079e'),
('3800a8f4-c41b-4d46-bd01-43c3aab37117', '5cfaa90a-6853-437f-96ac-42122826ac7a'),
('3800a8f4-c41b-4d46-bd01-43c3aab37117', '62c688a1-5a33-450f-ad8b-608f91becea5'),
('3800a8f4-c41b-4d46-bd01-43c3aab37117', '6d3a4d43-06ea-478e-9a19-e2a8ea1dd28d'),
('3800a8f4-c41b-4d46-bd01-43c3aab37117', '6dd93562-a751-4a93-b679-2786c07d6503'),
('3800a8f4-c41b-4d46-bd01-43c3aab37117', '9c48af2a-4524-4942-acc8-696744126593'),
('3800a8f4-c41b-4d46-bd01-43c3aab37117', 'ca99a63b-3a21-4e1a-8e2d-a6b09b487811'),
('3800a8f4-c41b-4d46-bd01-43c3aab37117', 'dbcfa78d-d04c-4f6e-b835-561dd7f274d6'),
('3bd92852-394e-45b1-8013-e84cb40ee033', '014ac386-5310-401c-a8e1-65a0eb424719'),
('3bd92852-394e-45b1-8013-e84cb40ee033', '14888037-ed3e-49a9-8ab6-bb1733c4da96'),
('3bd92852-394e-45b1-8013-e84cb40ee033', '2bf68bdf-930f-4bb0-afa3-76975849faa5'),
('3bd92852-394e-45b1-8013-e84cb40ee033', '32937a83-b1a1-4ce5-a4e7-727177f53a0c'),
('3bd92852-394e-45b1-8013-e84cb40ee033', '392c221a-69eb-4e4c-b5d2-b34f878b922c'),
('3bd92852-394e-45b1-8013-e84cb40ee033', '3ed4d43d-6c4e-4fcd-940e-f8054a2f6476'),
('3bd92852-394e-45b1-8013-e84cb40ee033', '466f6e89-3ace-408b-bfe0-c15ab4f8079e'),
('3bd92852-394e-45b1-8013-e84cb40ee033', '5cfaa90a-6853-437f-96ac-42122826ac7a'),
('3bd92852-394e-45b1-8013-e84cb40ee033', '62c688a1-5a33-450f-ad8b-608f91becea5'),
('3bd92852-394e-45b1-8013-e84cb40ee033', '6d3a4d43-06ea-478e-9a19-e2a8ea1dd28d'),
('3bd92852-394e-45b1-8013-e84cb40ee033', '6dd93562-a751-4a93-b679-2786c07d6503'),
('3bd92852-394e-45b1-8013-e84cb40ee033', 'ca99a63b-3a21-4e1a-8e2d-a6b09b487811'),
('3bd92852-394e-45b1-8013-e84cb40ee033', 'dbcfa78d-d04c-4f6e-b835-561dd7f274d6'),
('3de96d88-c161-4626-ad37-8584e74a8175', '014ac386-5310-401c-a8e1-65a0eb424719'),
('3de96d88-c161-4626-ad37-8584e74a8175', '14888037-ed3e-49a9-8ab6-bb1733c4da96'),
('3de96d88-c161-4626-ad37-8584e74a8175', '2bf68bdf-930f-4bb0-afa3-76975849faa5'),
('3de96d88-c161-4626-ad37-8584e74a8175', '32937a83-b1a1-4ce5-a4e7-727177f53a0c'),
('3de96d88-c161-4626-ad37-8584e74a8175', '392c221a-69eb-4e4c-b5d2-b34f878b922c'),
('3de96d88-c161-4626-ad37-8584e74a8175', '3ed4d43d-6c4e-4fcd-940e-f8054a2f6476'),
('3de96d88-c161-4626-ad37-8584e74a8175', '466f6e89-3ace-408b-bfe0-c15ab4f8079e'),
('3de96d88-c161-4626-ad37-8584e74a8175', '5cfaa90a-6853-437f-96ac-42122826ac7a'),
('3de96d88-c161-4626-ad37-8584e74a8175', '62c688a1-5a33-450f-ad8b-608f91becea5'),
('3de96d88-c161-4626-ad37-8584e74a8175', '6d3a4d43-06ea-478e-9a19-e2a8ea1dd28d'),
('3de96d88-c161-4626-ad37-8584e74a8175', '6dd93562-a751-4a93-b679-2786c07d6503'),
('3de96d88-c161-4626-ad37-8584e74a8175', '9c48af2a-4524-4942-acc8-696744126593'),
('3de96d88-c161-4626-ad37-8584e74a8175', 'ca99a63b-3a21-4e1a-8e2d-a6b09b487811'),
('3de96d88-c161-4626-ad37-8584e74a8175', 'dbcfa78d-d04c-4f6e-b835-561dd7f274d6'),
('3f66f1d2-f1df-4b54-b445-7d3b7ef8d62b', '14888037-ed3e-49a9-8ab6-bb1733c4da96'),
('3f66f1d2-f1df-4b54-b445-7d3b7ef8d62b', '2bf68bdf-930f-4bb0-afa3-76975849faa5'),
('3f66f1d2-f1df-4b54-b445-7d3b7ef8d62b', '32937a83-b1a1-4ce5-a4e7-727177f53a0c'),
('3f66f1d2-f1df-4b54-b445-7d3b7ef8d62b', '392c221a-69eb-4e4c-b5d2-b34f878b922c'),
('3f66f1d2-f1df-4b54-b445-7d3b7ef8d62b', '3b0bdf67-1089-4298-b695-b24107b4ebc5'),
('3f66f1d2-f1df-4b54-b445-7d3b7ef8d62b', '3ed4d43d-6c4e-4fcd-940e-f8054a2f6476'),
('3f66f1d2-f1df-4b54-b445-7d3b7ef8d62b', '466f6e89-3ace-408b-bfe0-c15ab4f8079e'),
('3f66f1d2-f1df-4b54-b445-7d3b7ef8d62b', '5cfaa90a-6853-437f-96ac-42122826ac7a'),
('3f66f1d2-f1df-4b54-b445-7d3b7ef8d62b', '62c688a1-5a33-450f-ad8b-608f91becea5'),
('3f66f1d2-f1df-4b54-b445-7d3b7ef8d62b', '6d3a4d43-06ea-478e-9a19-e2a8ea1dd28d'),
('3f66f1d2-f1df-4b54-b445-7d3b7ef8d62b', '6dd93562-a751-4a93-b679-2786c07d6503'),
('3f66f1d2-f1df-4b54-b445-7d3b7ef8d62b', '9c48af2a-4524-4942-acc8-696744126593'),
('3f66f1d2-f1df-4b54-b445-7d3b7ef8d62b', 'ca99a63b-3a21-4e1a-8e2d-a6b09b487811'),
('411851e2-28a0-4286-ade1-305bf705a4de', '014ac386-5310-401c-a8e1-65a0eb424719'),
('411851e2-28a0-4286-ade1-305bf705a4de', '14888037-ed3e-49a9-8ab6-bb1733c4da96'),
('411851e2-28a0-4286-ade1-305bf705a4de', '2bf68bdf-930f-4bb0-afa3-76975849faa5'),
('411851e2-28a0-4286-ade1-305bf705a4de', '32937a83-b1a1-4ce5-a4e7-727177f53a0c'),
('411851e2-28a0-4286-ade1-305bf705a4de', '392c221a-69eb-4e4c-b5d2-b34f878b922c'),
('411851e2-28a0-4286-ade1-305bf705a4de', '3b0bdf67-1089-4298-b695-b24107b4ebc5'),
('411851e2-28a0-4286-ade1-305bf705a4de', '466f6e89-3ace-408b-bfe0-c15ab4f8079e'),
('411851e2-28a0-4286-ade1-305bf705a4de', '5cfaa90a-6853-437f-96ac-42122826ac7a'),
('411851e2-28a0-4286-ade1-305bf705a4de', '6d3a4d43-06ea-478e-9a19-e2a8ea1dd28d'),
('411851e2-28a0-4286-ade1-305bf705a4de', '6dd93562-a751-4a93-b679-2786c07d6503'),
('411851e2-28a0-4286-ade1-305bf705a4de', '9c48af2a-4524-4942-acc8-696744126593'),
('411851e2-28a0-4286-ade1-305bf705a4de', 'dbcfa78d-d04c-4f6e-b835-561dd7f274d6'),
('4314fe93-ff72-4865-8de5-fec059607ddc', '014ac386-5310-401c-a8e1-65a0eb424719'),
('4314fe93-ff72-4865-8de5-fec059607ddc', '14888037-ed3e-49a9-8ab6-bb1733c4da96'),
('4314fe93-ff72-4865-8de5-fec059607ddc', '2bf68bdf-930f-4bb0-afa3-76975849faa5'),
('4314fe93-ff72-4865-8de5-fec059607ddc', '32937a83-b1a1-4ce5-a4e7-727177f53a0c'),
('4314fe93-ff72-4865-8de5-fec059607ddc', '392c221a-69eb-4e4c-b5d2-b34f878b922c'),
('4314fe93-ff72-4865-8de5-fec059607ddc', '3b0bdf67-1089-4298-b695-b24107b4ebc5'),
('4314fe93-ff72-4865-8de5-fec059607ddc', '3ed4d43d-6c4e-4fcd-940e-f8054a2f6476'),
('4314fe93-ff72-4865-8de5-fec059607ddc', '466f6e89-3ace-408b-bfe0-c15ab4f8079e'),
('4314fe93-ff72-4865-8de5-fec059607ddc', '5cfaa90a-6853-437f-96ac-42122826ac7a'),
('4314fe93-ff72-4865-8de5-fec059607ddc', '62c688a1-5a33-450f-ad8b-608f91becea5'),
('4314fe93-ff72-4865-8de5-fec059607ddc', '6d3a4d43-06ea-478e-9a19-e2a8ea1dd28d'),
('4314fe93-ff72-4865-8de5-fec059607ddc', '6dd93562-a751-4a93-b679-2786c07d6503'),
('4314fe93-ff72-4865-8de5-fec059607ddc', '9c48af2a-4524-4942-acc8-696744126593'),
('4314fe93-ff72-4865-8de5-fec059607ddc', 'ca99a63b-3a21-4e1a-8e2d-a6b09b487811'),
('48337a43-eeee-4e98-a369-5ee51852564e', '014ac386-5310-401c-a8e1-65a0eb424719'),
('48337a43-eeee-4e98-a369-5ee51852564e', '32937a83-b1a1-4ce5-a4e7-727177f53a0c'),
('48337a43-eeee-4e98-a369-5ee51852564e', '392c221a-69eb-4e4c-b5d2-b34f878b922c'),
('48337a43-eeee-4e98-a369-5ee51852564e', '3b0bdf67-1089-4298-b695-b24107b4ebc5'),
('48337a43-eeee-4e98-a369-5ee51852564e', '3ed4d43d-6c4e-4fcd-940e-f8054a2f6476'),
('48337a43-eeee-4e98-a369-5ee51852564e', '466f6e89-3ace-408b-bfe0-c15ab4f8079e'),
('48337a43-eeee-4e98-a369-5ee51852564e', '5cfaa90a-6853-437f-96ac-42122826ac7a'),
('48337a43-eeee-4e98-a369-5ee51852564e', '62c688a1-5a33-450f-ad8b-608f91becea5'),
('48337a43-eeee-4e98-a369-5ee51852564e', '6d3a4d43-06ea-478e-9a19-e2a8ea1dd28d'),
('48337a43-eeee-4e98-a369-5ee51852564e', '6dd93562-a751-4a93-b679-2786c07d6503'),
('48337a43-eeee-4e98-a369-5ee51852564e', '9c48af2a-4524-4942-acc8-696744126593'),
('48337a43-eeee-4e98-a369-5ee51852564e', 'ca99a63b-3a21-4e1a-8e2d-a6b09b487811'),
('48337a43-eeee-4e98-a369-5ee51852564e', 'dbcfa78d-d04c-4f6e-b835-561dd7f274d6'),
('49d8b123-8e02-46cc-8fc9-b9db4bcb6c23', '014ac386-5310-401c-a8e1-65a0eb424719'),
('49d8b123-8e02-46cc-8fc9-b9db4bcb6c23', '32937a83-b1a1-4ce5-a4e7-727177f53a0c'),
('49d8b123-8e02-46cc-8fc9-b9db4bcb6c23', '392c221a-69eb-4e4c-b5d2-b34f878b922c'),
('49d8b123-8e02-46cc-8fc9-b9db4bcb6c23', '3b0bdf67-1089-4298-b695-b24107b4ebc5'),
('49d8b123-8e02-46cc-8fc9-b9db4bcb6c23', '3ed4d43d-6c4e-4fcd-940e-f8054a2f6476'),
('49d8b123-8e02-46cc-8fc9-b9db4bcb6c23', '466f6e89-3ace-408b-bfe0-c15ab4f8079e'),
('49d8b123-8e02-46cc-8fc9-b9db4bcb6c23', '5cfaa90a-6853-437f-96ac-42122826ac7a'),
('49d8b123-8e02-46cc-8fc9-b9db4bcb6c23', '62c688a1-5a33-450f-ad8b-608f91becea5'),
('49d8b123-8e02-46cc-8fc9-b9db4bcb6c23', '6d3a4d43-06ea-478e-9a19-e2a8ea1dd28d'),
('49d8b123-8e02-46cc-8fc9-b9db4bcb6c23', '6dd93562-a751-4a93-b679-2786c07d6503'),
('49d8b123-8e02-46cc-8fc9-b9db4bcb6c23', '9c48af2a-4524-4942-acc8-696744126593'),
('49d8b123-8e02-46cc-8fc9-b9db4bcb6c23', 'dbcfa78d-d04c-4f6e-b835-561dd7f274d6'),
('4b8c7f69-afd8-484f-8d9b-0107817c704b', '014ac386-5310-401c-a8e1-65a0eb424719'),
('4b8c7f69-afd8-484f-8d9b-0107817c704b', '14888037-ed3e-49a9-8ab6-bb1733c4da96'),
('4b8c7f69-afd8-484f-8d9b-0107817c704b', '32937a83-b1a1-4ce5-a4e7-727177f53a0c'),
('4b8c7f69-afd8-484f-8d9b-0107817c704b', '392c221a-69eb-4e4c-b5d2-b34f878b922c'),
('4b8c7f69-afd8-484f-8d9b-0107817c704b', '3b0bdf67-1089-4298-b695-b24107b4ebc5'),
('4b8c7f69-afd8-484f-8d9b-0107817c704b', '3ed4d43d-6c4e-4fcd-940e-f8054a2f6476'),
('4b8c7f69-afd8-484f-8d9b-0107817c704b', '466f6e89-3ace-408b-bfe0-c15ab4f8079e'),
('4b8c7f69-afd8-484f-8d9b-0107817c704b', '5cfaa90a-6853-437f-96ac-42122826ac7a'),
('4b8c7f69-afd8-484f-8d9b-0107817c704b', '6d3a4d43-06ea-478e-9a19-e2a8ea1dd28d'),
('4b8c7f69-afd8-484f-8d9b-0107817c704b', '6dd93562-a751-4a93-b679-2786c07d6503'),
('4b8c7f69-afd8-484f-8d9b-0107817c704b', '9c48af2a-4524-4942-acc8-696744126593'),
('4b8c7f69-afd8-484f-8d9b-0107817c704b', 'ca99a63b-3a21-4e1a-8e2d-a6b09b487811'),
('4b8c7f69-afd8-484f-8d9b-0107817c704b', 'dbcfa78d-d04c-4f6e-b835-561dd7f274d6'),
('4bcc0cd0-362b-4d89-ae29-ba94ec922155', '014ac386-5310-401c-a8e1-65a0eb424719'),
('4bcc0cd0-362b-4d89-ae29-ba94ec922155', '2bf68bdf-930f-4bb0-afa3-76975849faa5'),
('4bcc0cd0-362b-4d89-ae29-ba94ec922155', '32937a83-b1a1-4ce5-a4e7-727177f53a0c'),
('4bcc0cd0-362b-4d89-ae29-ba94ec922155', '392c221a-69eb-4e4c-b5d2-b34f878b922c'),
('4bcc0cd0-362b-4d89-ae29-ba94ec922155', '3ed4d43d-6c4e-4fcd-940e-f8054a2f6476'),
('4bcc0cd0-362b-4d89-ae29-ba94ec922155', '466f6e89-3ace-408b-bfe0-c15ab4f8079e'),
('4bcc0cd0-362b-4d89-ae29-ba94ec922155', '5cfaa90a-6853-437f-96ac-42122826ac7a'),
('4bcc0cd0-362b-4d89-ae29-ba94ec922155', '62c688a1-5a33-450f-ad8b-608f91becea5'),
('4bcc0cd0-362b-4d89-ae29-ba94ec922155', '6d3a4d43-06ea-478e-9a19-e2a8ea1dd28d'),
('4bcc0cd0-362b-4d89-ae29-ba94ec922155', '6dd93562-a751-4a93-b679-2786c07d6503'),
('4bcc0cd0-362b-4d89-ae29-ba94ec922155', '9c48af2a-4524-4942-acc8-696744126593'),
('4bcc0cd0-362b-4d89-ae29-ba94ec922155', 'ca99a63b-3a21-4e1a-8e2d-a6b09b487811'),
('4bcc0cd0-362b-4d89-ae29-ba94ec922155', 'dbcfa78d-d04c-4f6e-b835-561dd7f274d6'),
('5707cc4e-1155-4d36-aec9-7642f5d446b8', '14888037-ed3e-49a9-8ab6-bb1733c4da96'),
('5707cc4e-1155-4d36-aec9-7642f5d446b8', '2bf68bdf-930f-4bb0-afa3-76975849faa5'),
('5707cc4e-1155-4d36-aec9-7642f5d446b8', '32937a83-b1a1-4ce5-a4e7-727177f53a0c'),
('5707cc4e-1155-4d36-aec9-7642f5d446b8', '392c221a-69eb-4e4c-b5d2-b34f878b922c'),
('5707cc4e-1155-4d36-aec9-7642f5d446b8', '3b0bdf67-1089-4298-b695-b24107b4ebc5'),
('5707cc4e-1155-4d36-aec9-7642f5d446b8', '466f6e89-3ace-408b-bfe0-c15ab4f8079e'),
('5707cc4e-1155-4d36-aec9-7642f5d446b8', '5cfaa90a-6853-437f-96ac-42122826ac7a'),
('5707cc4e-1155-4d36-aec9-7642f5d446b8', '62c688a1-5a33-450f-ad8b-608f91becea5'),
('5707cc4e-1155-4d36-aec9-7642f5d446b8', '6dd93562-a751-4a93-b679-2786c07d6503'),
('5707cc4e-1155-4d36-aec9-7642f5d446b8', 'ca99a63b-3a21-4e1a-8e2d-a6b09b487811'),
('5707cc4e-1155-4d36-aec9-7642f5d446b8', 'dbcfa78d-d04c-4f6e-b835-561dd7f274d6'),
('586f10af-55d4-4eae-8573-af8e9cea84c9', '014ac386-5310-401c-a8e1-65a0eb424719'),
('586f10af-55d4-4eae-8573-af8e9cea84c9', '14888037-ed3e-49a9-8ab6-bb1733c4da96'),
('586f10af-55d4-4eae-8573-af8e9cea84c9', '2bf68bdf-930f-4bb0-afa3-76975849faa5'),
('586f10af-55d4-4eae-8573-af8e9cea84c9', '32937a83-b1a1-4ce5-a4e7-727177f53a0c'),
('586f10af-55d4-4eae-8573-af8e9cea84c9', '392c221a-69eb-4e4c-b5d2-b34f878b922c'),
('586f10af-55d4-4eae-8573-af8e9cea84c9', '3b0bdf67-1089-4298-b695-b24107b4ebc5'),
('586f10af-55d4-4eae-8573-af8e9cea84c9', '3ed4d43d-6c4e-4fcd-940e-f8054a2f6476'),
('586f10af-55d4-4eae-8573-af8e9cea84c9', '466f6e89-3ace-408b-bfe0-c15ab4f8079e'),
('586f10af-55d4-4eae-8573-af8e9cea84c9', '5cfaa90a-6853-437f-96ac-42122826ac7a'),
('586f10af-55d4-4eae-8573-af8e9cea84c9', '62c688a1-5a33-450f-ad8b-608f91becea5'),
('586f10af-55d4-4eae-8573-af8e9cea84c9', '6dd93562-a751-4a93-b679-2786c07d6503'),
('586f10af-55d4-4eae-8573-af8e9cea84c9', '9c48af2a-4524-4942-acc8-696744126593'),
('586f10af-55d4-4eae-8573-af8e9cea84c9', 'ca99a63b-3a21-4e1a-8e2d-a6b09b487811'),
('586f10af-55d4-4eae-8573-af8e9cea84c9', 'dbcfa78d-d04c-4f6e-b835-561dd7f274d6'),
('587554a2-7dba-46e6-a87d-e5671cbbbf75', '014ac386-5310-401c-a8e1-65a0eb424719'),
('587554a2-7dba-46e6-a87d-e5671cbbbf75', '14888037-ed3e-49a9-8ab6-bb1733c4da96'),
('587554a2-7dba-46e6-a87d-e5671cbbbf75', '2bf68bdf-930f-4bb0-afa3-76975849faa5'),
('587554a2-7dba-46e6-a87d-e5671cbbbf75', '392c221a-69eb-4e4c-b5d2-b34f878b922c'),
('587554a2-7dba-46e6-a87d-e5671cbbbf75', '3b0bdf67-1089-4298-b695-b24107b4ebc5'),
('587554a2-7dba-46e6-a87d-e5671cbbbf75', '3ed4d43d-6c4e-4fcd-940e-f8054a2f6476'),
('587554a2-7dba-46e6-a87d-e5671cbbbf75', '466f6e89-3ace-408b-bfe0-c15ab4f8079e'),
('587554a2-7dba-46e6-a87d-e5671cbbbf75', '5cfaa90a-6853-437f-96ac-42122826ac7a'),
('587554a2-7dba-46e6-a87d-e5671cbbbf75', '6d3a4d43-06ea-478e-9a19-e2a8ea1dd28d'),
('587554a2-7dba-46e6-a87d-e5671cbbbf75', '6dd93562-a751-4a93-b679-2786c07d6503'),
('587554a2-7dba-46e6-a87d-e5671cbbbf75', '9c48af2a-4524-4942-acc8-696744126593'),
('587554a2-7dba-46e6-a87d-e5671cbbbf75', 'ca99a63b-3a21-4e1a-8e2d-a6b09b487811'),
('587554a2-7dba-46e6-a87d-e5671cbbbf75', 'dbcfa78d-d04c-4f6e-b835-561dd7f274d6'),
('597533b7-eff5-4775-be2a-4f1c07101d58', '014ac386-5310-401c-a8e1-65a0eb424719'),
('597533b7-eff5-4775-be2a-4f1c07101d58', '14888037-ed3e-49a9-8ab6-bb1733c4da96'),
('597533b7-eff5-4775-be2a-4f1c07101d58', '32937a83-b1a1-4ce5-a4e7-727177f53a0c'),
('597533b7-eff5-4775-be2a-4f1c07101d58', '392c221a-69eb-4e4c-b5d2-b34f878b922c'),
('597533b7-eff5-4775-be2a-4f1c07101d58', '3ed4d43d-6c4e-4fcd-940e-f8054a2f6476'),
('597533b7-eff5-4775-be2a-4f1c07101d58', '5cfaa90a-6853-437f-96ac-42122826ac7a'),
('597533b7-eff5-4775-be2a-4f1c07101d58', '62c688a1-5a33-450f-ad8b-608f91becea5'),
('597533b7-eff5-4775-be2a-4f1c07101d58', '6d3a4d43-06ea-478e-9a19-e2a8ea1dd28d'),
('597533b7-eff5-4775-be2a-4f1c07101d58', '6dd93562-a751-4a93-b679-2786c07d6503'),
('597533b7-eff5-4775-be2a-4f1c07101d58', '9c48af2a-4524-4942-acc8-696744126593'),
('597533b7-eff5-4775-be2a-4f1c07101d58', 'ca99a63b-3a21-4e1a-8e2d-a6b09b487811'),
('597533b7-eff5-4775-be2a-4f1c07101d58', 'dbcfa78d-d04c-4f6e-b835-561dd7f274d6'),
('5a2f8db2-7ab8-4fc7-8153-2dd7d31a5199', '014ac386-5310-401c-a8e1-65a0eb424719'),
('5a2f8db2-7ab8-4fc7-8153-2dd7d31a5199', '14888037-ed3e-49a9-8ab6-bb1733c4da96'),
('5a2f8db2-7ab8-4fc7-8153-2dd7d31a5199', '2bf68bdf-930f-4bb0-afa3-76975849faa5'),
('5a2f8db2-7ab8-4fc7-8153-2dd7d31a5199', '392c221a-69eb-4e4c-b5d2-b34f878b922c'),
('5a2f8db2-7ab8-4fc7-8153-2dd7d31a5199', '3b0bdf67-1089-4298-b695-b24107b4ebc5'),
('5a2f8db2-7ab8-4fc7-8153-2dd7d31a5199', '3ed4d43d-6c4e-4fcd-940e-f8054a2f6476'),
('5a2f8db2-7ab8-4fc7-8153-2dd7d31a5199', '466f6e89-3ace-408b-bfe0-c15ab4f8079e'),
('5a2f8db2-7ab8-4fc7-8153-2dd7d31a5199', '5cfaa90a-6853-437f-96ac-42122826ac7a'),
('5a2f8db2-7ab8-4fc7-8153-2dd7d31a5199', '6d3a4d43-06ea-478e-9a19-e2a8ea1dd28d'),
('5a2f8db2-7ab8-4fc7-8153-2dd7d31a5199', '6dd93562-a751-4a93-b679-2786c07d6503'),
('5a2f8db2-7ab8-4fc7-8153-2dd7d31a5199', '9c48af2a-4524-4942-acc8-696744126593'),
('5a2f8db2-7ab8-4fc7-8153-2dd7d31a5199', 'ca99a63b-3a21-4e1a-8e2d-a6b09b487811'),
('5a2f8db2-7ab8-4fc7-8153-2dd7d31a5199', 'dbcfa78d-d04c-4f6e-b835-561dd7f274d6'),
('5c33fc8c-ba18-45dc-95ce-57be3a6b3ec5', '014ac386-5310-401c-a8e1-65a0eb424719'),
('5c33fc8c-ba18-45dc-95ce-57be3a6b3ec5', '14888037-ed3e-49a9-8ab6-bb1733c4da96'),
('5c33fc8c-ba18-45dc-95ce-57be3a6b3ec5', '2bf68bdf-930f-4bb0-afa3-76975849faa5'),
('5c33fc8c-ba18-45dc-95ce-57be3a6b3ec5', '32937a83-b1a1-4ce5-a4e7-727177f53a0c'),
('5c33fc8c-ba18-45dc-95ce-57be3a6b3ec5', '392c221a-69eb-4e4c-b5d2-b34f878b922c'),
('5c33fc8c-ba18-45dc-95ce-57be3a6b3ec5', '3b0bdf67-1089-4298-b695-b24107b4ebc5'),
('5c33fc8c-ba18-45dc-95ce-57be3a6b3ec5', '3ed4d43d-6c4e-4fcd-940e-f8054a2f6476'),
('5c33fc8c-ba18-45dc-95ce-57be3a6b3ec5', '466f6e89-3ace-408b-bfe0-c15ab4f8079e'),
('5c33fc8c-ba18-45dc-95ce-57be3a6b3ec5', '5cfaa90a-6853-437f-96ac-42122826ac7a'),
('5c33fc8c-ba18-45dc-95ce-57be3a6b3ec5', '62c688a1-5a33-450f-ad8b-608f91becea5'),
('5c33fc8c-ba18-45dc-95ce-57be3a6b3ec5', '6d3a4d43-06ea-478e-9a19-e2a8ea1dd28d'),
('5c33fc8c-ba18-45dc-95ce-57be3a6b3ec5', '6dd93562-a751-4a93-b679-2786c07d6503'),
('5c33fc8c-ba18-45dc-95ce-57be3a6b3ec5', '9c48af2a-4524-4942-acc8-696744126593'),
('5c33fc8c-ba18-45dc-95ce-57be3a6b3ec5', 'ca99a63b-3a21-4e1a-8e2d-a6b09b487811'),
('5c33fc8c-ba18-45dc-95ce-57be3a6b3ec5', 'dbcfa78d-d04c-4f6e-b835-561dd7f274d6'),
('5d46782c-f202-4776-bd5f-a25a9037edfd', '014ac386-5310-401c-a8e1-65a0eb424719'),
('5d46782c-f202-4776-bd5f-a25a9037edfd', '2bf68bdf-930f-4bb0-afa3-76975849faa5'),
('5d46782c-f202-4776-bd5f-a25a9037edfd', '32937a83-b1a1-4ce5-a4e7-727177f53a0c'),
('5d46782c-f202-4776-bd5f-a25a9037edfd', '392c221a-69eb-4e4c-b5d2-b34f878b922c'),
('5d46782c-f202-4776-bd5f-a25a9037edfd', '3b0bdf67-1089-4298-b695-b24107b4ebc5'),
('5d46782c-f202-4776-bd5f-a25a9037edfd', '3ed4d43d-6c4e-4fcd-940e-f8054a2f6476'),
('5d46782c-f202-4776-bd5f-a25a9037edfd', '466f6e89-3ace-408b-bfe0-c15ab4f8079e'),
('5d46782c-f202-4776-bd5f-a25a9037edfd', '5cfaa90a-6853-437f-96ac-42122826ac7a'),
('5d46782c-f202-4776-bd5f-a25a9037edfd', '62c688a1-5a33-450f-ad8b-608f91becea5'),
('5d46782c-f202-4776-bd5f-a25a9037edfd', '6d3a4d43-06ea-478e-9a19-e2a8ea1dd28d'),
('5d46782c-f202-4776-bd5f-a25a9037edfd', '6dd93562-a751-4a93-b679-2786c07d6503'),
('5d46782c-f202-4776-bd5f-a25a9037edfd', '9c48af2a-4524-4942-acc8-696744126593'),
('5d46782c-f202-4776-bd5f-a25a9037edfd', 'dbcfa78d-d04c-4f6e-b835-561dd7f274d6'),
('5ebe3aa8-69ee-4bf6-860d-85e4cf9b8d02', '014ac386-5310-401c-a8e1-65a0eb424719'),
('5ebe3aa8-69ee-4bf6-860d-85e4cf9b8d02', '14888037-ed3e-49a9-8ab6-bb1733c4da96'),
('5ebe3aa8-69ee-4bf6-860d-85e4cf9b8d02', '2bf68bdf-930f-4bb0-afa3-76975849faa5'),
('5ebe3aa8-69ee-4bf6-860d-85e4cf9b8d02', '32937a83-b1a1-4ce5-a4e7-727177f53a0c'),
('5ebe3aa8-69ee-4bf6-860d-85e4cf9b8d02', '392c221a-69eb-4e4c-b5d2-b34f878b922c'),
('5ebe3aa8-69ee-4bf6-860d-85e4cf9b8d02', '466f6e89-3ace-408b-bfe0-c15ab4f8079e'),
('5ebe3aa8-69ee-4bf6-860d-85e4cf9b8d02', '62c688a1-5a33-450f-ad8b-608f91becea5'),
('5ebe3aa8-69ee-4bf6-860d-85e4cf9b8d02', '6d3a4d43-06ea-478e-9a19-e2a8ea1dd28d'),
('5ebe3aa8-69ee-4bf6-860d-85e4cf9b8d02', '6dd93562-a751-4a93-b679-2786c07d6503'),
('5ebe3aa8-69ee-4bf6-860d-85e4cf9b8d02', '9c48af2a-4524-4942-acc8-696744126593'),
('5ebe3aa8-69ee-4bf6-860d-85e4cf9b8d02', 'ca99a63b-3a21-4e1a-8e2d-a6b09b487811'),
('5ebe3aa8-69ee-4bf6-860d-85e4cf9b8d02', 'dbcfa78d-d04c-4f6e-b835-561dd7f274d6'),
('658f2f48-affa-4c16-b9b0-17267fc7f96d', '014ac386-5310-401c-a8e1-65a0eb424719'),
('658f2f48-affa-4c16-b9b0-17267fc7f96d', '14888037-ed3e-49a9-8ab6-bb1733c4da96'),
('658f2f48-affa-4c16-b9b0-17267fc7f96d', '2bf68bdf-930f-4bb0-afa3-76975849faa5'),
('658f2f48-affa-4c16-b9b0-17267fc7f96d', '32937a83-b1a1-4ce5-a4e7-727177f53a0c'),
('658f2f48-affa-4c16-b9b0-17267fc7f96d', '392c221a-69eb-4e4c-b5d2-b34f878b922c'),
('658f2f48-affa-4c16-b9b0-17267fc7f96d', '3ed4d43d-6c4e-4fcd-940e-f8054a2f6476'),
('658f2f48-affa-4c16-b9b0-17267fc7f96d', '466f6e89-3ace-408b-bfe0-c15ab4f8079e'),
('658f2f48-affa-4c16-b9b0-17267fc7f96d', '5cfaa90a-6853-437f-96ac-42122826ac7a'),
('658f2f48-affa-4c16-b9b0-17267fc7f96d', '6d3a4d43-06ea-478e-9a19-e2a8ea1dd28d'),
('658f2f48-affa-4c16-b9b0-17267fc7f96d', '6dd93562-a751-4a93-b679-2786c07d6503'),
('658f2f48-affa-4c16-b9b0-17267fc7f96d', '9c48af2a-4524-4942-acc8-696744126593'),
('658f2f48-affa-4c16-b9b0-17267fc7f96d', 'ca99a63b-3a21-4e1a-8e2d-a6b09b487811'),
('658f2f48-affa-4c16-b9b0-17267fc7f96d', 'dbcfa78d-d04c-4f6e-b835-561dd7f274d6'),
('67429205-d819-44ff-996e-336927806e78', '014ac386-5310-401c-a8e1-65a0eb424719'),
('67429205-d819-44ff-996e-336927806e78', '2bf68bdf-930f-4bb0-afa3-76975849faa5'),
('67429205-d819-44ff-996e-336927806e78', '32937a83-b1a1-4ce5-a4e7-727177f53a0c'),
('67429205-d819-44ff-996e-336927806e78', '392c221a-69eb-4e4c-b5d2-b34f878b922c'),
('67429205-d819-44ff-996e-336927806e78', '3b0bdf67-1089-4298-b695-b24107b4ebc5'),
('67429205-d819-44ff-996e-336927806e78', '3ed4d43d-6c4e-4fcd-940e-f8054a2f6476'),
('67429205-d819-44ff-996e-336927806e78', '5cfaa90a-6853-437f-96ac-42122826ac7a'),
('67429205-d819-44ff-996e-336927806e78', '62c688a1-5a33-450f-ad8b-608f91becea5'),
('67429205-d819-44ff-996e-336927806e78', '6d3a4d43-06ea-478e-9a19-e2a8ea1dd28d'),
('67429205-d819-44ff-996e-336927806e78', '6dd93562-a751-4a93-b679-2786c07d6503'),
('67429205-d819-44ff-996e-336927806e78', '9c48af2a-4524-4942-acc8-696744126593'),
('67429205-d819-44ff-996e-336927806e78', 'ca99a63b-3a21-4e1a-8e2d-a6b09b487811'),
('6b8dfef2-52e7-492b-9c52-9b171d29659c', '014ac386-5310-401c-a8e1-65a0eb424719'),
('6b8dfef2-52e7-492b-9c52-9b171d29659c', '14888037-ed3e-49a9-8ab6-bb1733c4da96'),
('6b8dfef2-52e7-492b-9c52-9b171d29659c', '2bf68bdf-930f-4bb0-afa3-76975849faa5'),
('6b8dfef2-52e7-492b-9c52-9b171d29659c', '32937a83-b1a1-4ce5-a4e7-727177f53a0c'),
('6b8dfef2-52e7-492b-9c52-9b171d29659c', '392c221a-69eb-4e4c-b5d2-b34f878b922c'),
('6b8dfef2-52e7-492b-9c52-9b171d29659c', '3b0bdf67-1089-4298-b695-b24107b4ebc5'),
('6b8dfef2-52e7-492b-9c52-9b171d29659c', '3ed4d43d-6c4e-4fcd-940e-f8054a2f6476'),
('6b8dfef2-52e7-492b-9c52-9b171d29659c', '466f6e89-3ace-408b-bfe0-c15ab4f8079e'),
('6b8dfef2-52e7-492b-9c52-9b171d29659c', '6dd93562-a751-4a93-b679-2786c07d6503'),
('6b8dfef2-52e7-492b-9c52-9b171d29659c', '9c48af2a-4524-4942-acc8-696744126593'),
('6b8dfef2-52e7-492b-9c52-9b171d29659c', 'ca99a63b-3a21-4e1a-8e2d-a6b09b487811'),
('6b8dfef2-52e7-492b-9c52-9b171d29659c', 'dbcfa78d-d04c-4f6e-b835-561dd7f274d6'),
('6bc42746-706e-45c8-b804-acacd59c4b9e', '014ac386-5310-401c-a8e1-65a0eb424719'),
('6bc42746-706e-45c8-b804-acacd59c4b9e', '14888037-ed3e-49a9-8ab6-bb1733c4da96'),
('6bc42746-706e-45c8-b804-acacd59c4b9e', '2bf68bdf-930f-4bb0-afa3-76975849faa5'),
('6bc42746-706e-45c8-b804-acacd59c4b9e', '32937a83-b1a1-4ce5-a4e7-727177f53a0c'),
('6bc42746-706e-45c8-b804-acacd59c4b9e', '392c221a-69eb-4e4c-b5d2-b34f878b922c'),
('6bc42746-706e-45c8-b804-acacd59c4b9e', '3b0bdf67-1089-4298-b695-b24107b4ebc5'),
('6bc42746-706e-45c8-b804-acacd59c4b9e', '3ed4d43d-6c4e-4fcd-940e-f8054a2f6476'),
('6bc42746-706e-45c8-b804-acacd59c4b9e', '466f6e89-3ace-408b-bfe0-c15ab4f8079e'),
('6bc42746-706e-45c8-b804-acacd59c4b9e', '6dd93562-a751-4a93-b679-2786c07d6503'),
('6bc42746-706e-45c8-b804-acacd59c4b9e', '9c48af2a-4524-4942-acc8-696744126593'),
('6bc42746-706e-45c8-b804-acacd59c4b9e', 'ca99a63b-3a21-4e1a-8e2d-a6b09b487811'),
('6bc42746-706e-45c8-b804-acacd59c4b9e', 'dbcfa78d-d04c-4f6e-b835-561dd7f274d6'),
('6c395734-c906-4d65-9dce-c352258c0f7e', '014ac386-5310-401c-a8e1-65a0eb424719'),
('6c395734-c906-4d65-9dce-c352258c0f7e', '14888037-ed3e-49a9-8ab6-bb1733c4da96'),
('6c395734-c906-4d65-9dce-c352258c0f7e', '2bf68bdf-930f-4bb0-afa3-76975849faa5'),
('6c395734-c906-4d65-9dce-c352258c0f7e', '32937a83-b1a1-4ce5-a4e7-727177f53a0c'),
('6c395734-c906-4d65-9dce-c352258c0f7e', '392c221a-69eb-4e4c-b5d2-b34f878b922c'),
('6c395734-c906-4d65-9dce-c352258c0f7e', '3b0bdf67-1089-4298-b695-b24107b4ebc5'),
('6c395734-c906-4d65-9dce-c352258c0f7e', '3ed4d43d-6c4e-4fcd-940e-f8054a2f6476'),
('6c395734-c906-4d65-9dce-c352258c0f7e', '466f6e89-3ace-408b-bfe0-c15ab4f8079e'),
('6c395734-c906-4d65-9dce-c352258c0f7e', '5cfaa90a-6853-437f-96ac-42122826ac7a'),
('6c395734-c906-4d65-9dce-c352258c0f7e', '62c688a1-5a33-450f-ad8b-608f91becea5'),
('6c395734-c906-4d65-9dce-c352258c0f7e', '6d3a4d43-06ea-478e-9a19-e2a8ea1dd28d'),
('6c395734-c906-4d65-9dce-c352258c0f7e', '6dd93562-a751-4a93-b679-2786c07d6503'),
('6c395734-c906-4d65-9dce-c352258c0f7e', '9c48af2a-4524-4942-acc8-696744126593'),
('6c395734-c906-4d65-9dce-c352258c0f7e', 'ca99a63b-3a21-4e1a-8e2d-a6b09b487811'),
('6c395734-c906-4d65-9dce-c352258c0f7e', 'dbcfa78d-d04c-4f6e-b835-561dd7f274d6'),
('6ca439fb-f695-44d3-a931-6268b8979777', '014ac386-5310-401c-a8e1-65a0eb424719'),
('6ca439fb-f695-44d3-a931-6268b8979777', '14888037-ed3e-49a9-8ab6-bb1733c4da96'),
('6ca439fb-f695-44d3-a931-6268b8979777', '2bf68bdf-930f-4bb0-afa3-76975849faa5'),
('6ca439fb-f695-44d3-a931-6268b8979777', '32937a83-b1a1-4ce5-a4e7-727177f53a0c'),
('6ca439fb-f695-44d3-a931-6268b8979777', '392c221a-69eb-4e4c-b5d2-b34f878b922c'),
('6ca439fb-f695-44d3-a931-6268b8979777', '3b0bdf67-1089-4298-b695-b24107b4ebc5'),
('6ca439fb-f695-44d3-a931-6268b8979777', '3ed4d43d-6c4e-4fcd-940e-f8054a2f6476'),
('6ca439fb-f695-44d3-a931-6268b8979777', '466f6e89-3ace-408b-bfe0-c15ab4f8079e'),
('6ca439fb-f695-44d3-a931-6268b8979777', '5cfaa90a-6853-437f-96ac-42122826ac7a'),
('6ca439fb-f695-44d3-a931-6268b8979777', '62c688a1-5a33-450f-ad8b-608f91becea5'),
('6ca439fb-f695-44d3-a931-6268b8979777', '6d3a4d43-06ea-478e-9a19-e2a8ea1dd28d'),
('6ca439fb-f695-44d3-a931-6268b8979777', '6dd93562-a751-4a93-b679-2786c07d6503'),
('6ca439fb-f695-44d3-a931-6268b8979777', '9c48af2a-4524-4942-acc8-696744126593'),
('6ca439fb-f695-44d3-a931-6268b8979777', 'ca99a63b-3a21-4e1a-8e2d-a6b09b487811'),
('77e8a033-ce14-488c-aa98-5142e7efc905', '014ac386-5310-401c-a8e1-65a0eb424719'),
('77e8a033-ce14-488c-aa98-5142e7efc905', '2bf68bdf-930f-4bb0-afa3-76975849faa5'),
('77e8a033-ce14-488c-aa98-5142e7efc905', '32937a83-b1a1-4ce5-a4e7-727177f53a0c'),
('77e8a033-ce14-488c-aa98-5142e7efc905', '392c221a-69eb-4e4c-b5d2-b34f878b922c'),
('77e8a033-ce14-488c-aa98-5142e7efc905', '3ed4d43d-6c4e-4fcd-940e-f8054a2f6476'),
('77e8a033-ce14-488c-aa98-5142e7efc905', '466f6e89-3ace-408b-bfe0-c15ab4f8079e'),
('77e8a033-ce14-488c-aa98-5142e7efc905', '5cfaa90a-6853-437f-96ac-42122826ac7a'),
('77e8a033-ce14-488c-aa98-5142e7efc905', '62c688a1-5a33-450f-ad8b-608f91becea5'),
('77e8a033-ce14-488c-aa98-5142e7efc905', '6d3a4d43-06ea-478e-9a19-e2a8ea1dd28d'),
('77e8a033-ce14-488c-aa98-5142e7efc905', '6dd93562-a751-4a93-b679-2786c07d6503'),
('77e8a033-ce14-488c-aa98-5142e7efc905', '9c48af2a-4524-4942-acc8-696744126593'),
('77e8a033-ce14-488c-aa98-5142e7efc905', 'ca99a63b-3a21-4e1a-8e2d-a6b09b487811'),
('77e8a033-ce14-488c-aa98-5142e7efc905', 'dbcfa78d-d04c-4f6e-b835-561dd7f274d6'),
('7b50f753-93a4-41da-abc1-e45a9bd94a3d', '014ac386-5310-401c-a8e1-65a0eb424719'),
('7b50f753-93a4-41da-abc1-e45a9bd94a3d', '14888037-ed3e-49a9-8ab6-bb1733c4da96'),
('7b50f753-93a4-41da-abc1-e45a9bd94a3d', '2bf68bdf-930f-4bb0-afa3-76975849faa5'),
('7b50f753-93a4-41da-abc1-e45a9bd94a3d', '32937a83-b1a1-4ce5-a4e7-727177f53a0c'),
('7b50f753-93a4-41da-abc1-e45a9bd94a3d', '392c221a-69eb-4e4c-b5d2-b34f878b922c'),
('7b50f753-93a4-41da-abc1-e45a9bd94a3d', '3b0bdf67-1089-4298-b695-b24107b4ebc5'),
('7b50f753-93a4-41da-abc1-e45a9bd94a3d', '3ed4d43d-6c4e-4fcd-940e-f8054a2f6476'),
('7b50f753-93a4-41da-abc1-e45a9bd94a3d', '466f6e89-3ace-408b-bfe0-c15ab4f8079e'),
('7b50f753-93a4-41da-abc1-e45a9bd94a3d', '5cfaa90a-6853-437f-96ac-42122826ac7a'),
('7b50f753-93a4-41da-abc1-e45a9bd94a3d', '62c688a1-5a33-450f-ad8b-608f91becea5'),
('7b50f753-93a4-41da-abc1-e45a9bd94a3d', '6d3a4d43-06ea-478e-9a19-e2a8ea1dd28d'),
('7b50f753-93a4-41da-abc1-e45a9bd94a3d', '6dd93562-a751-4a93-b679-2786c07d6503'),
('7b50f753-93a4-41da-abc1-e45a9bd94a3d', '9c48af2a-4524-4942-acc8-696744126593'),
('7b50f753-93a4-41da-abc1-e45a9bd94a3d', 'ca99a63b-3a21-4e1a-8e2d-a6b09b487811'),
('7b50f753-93a4-41da-abc1-e45a9bd94a3d', 'dbcfa78d-d04c-4f6e-b835-561dd7f274d6'),
('7cc38f3e-157b-4aa5-b30e-2561cab936c5', '014ac386-5310-401c-a8e1-65a0eb424719'),
('7cc38f3e-157b-4aa5-b30e-2561cab936c5', '14888037-ed3e-49a9-8ab6-bb1733c4da96'),
('7cc38f3e-157b-4aa5-b30e-2561cab936c5', '32937a83-b1a1-4ce5-a4e7-727177f53a0c'),
('7cc38f3e-157b-4aa5-b30e-2561cab936c5', '392c221a-69eb-4e4c-b5d2-b34f878b922c'),
('7cc38f3e-157b-4aa5-b30e-2561cab936c5', '3b0bdf67-1089-4298-b695-b24107b4ebc5'),
('7cc38f3e-157b-4aa5-b30e-2561cab936c5', '3ed4d43d-6c4e-4fcd-940e-f8054a2f6476'),
('7cc38f3e-157b-4aa5-b30e-2561cab936c5', '5cfaa90a-6853-437f-96ac-42122826ac7a'),
('7cc38f3e-157b-4aa5-b30e-2561cab936c5', '6d3a4d43-06ea-478e-9a19-e2a8ea1dd28d'),
('7cc38f3e-157b-4aa5-b30e-2561cab936c5', '9c48af2a-4524-4942-acc8-696744126593'),
('7cc38f3e-157b-4aa5-b30e-2561cab936c5', 'ca99a63b-3a21-4e1a-8e2d-a6b09b487811'),
('7cc38f3e-157b-4aa5-b30e-2561cab936c5', 'dbcfa78d-d04c-4f6e-b835-561dd7f274d6'),
('7cf4a3c4-816a-48a5-8e7b-7bf7a6d9364c', '014ac386-5310-401c-a8e1-65a0eb424719'),
('7cf4a3c4-816a-48a5-8e7b-7bf7a6d9364c', '14888037-ed3e-49a9-8ab6-bb1733c4da96'),
('7cf4a3c4-816a-48a5-8e7b-7bf7a6d9364c', '2bf68bdf-930f-4bb0-afa3-76975849faa5'),
('7cf4a3c4-816a-48a5-8e7b-7bf7a6d9364c', '392c221a-69eb-4e4c-b5d2-b34f878b922c'),
('7cf4a3c4-816a-48a5-8e7b-7bf7a6d9364c', '3b0bdf67-1089-4298-b695-b24107b4ebc5'),
('7cf4a3c4-816a-48a5-8e7b-7bf7a6d9364c', '3ed4d43d-6c4e-4fcd-940e-f8054a2f6476'),
('7cf4a3c4-816a-48a5-8e7b-7bf7a6d9364c', '466f6e89-3ace-408b-bfe0-c15ab4f8079e'),
('7cf4a3c4-816a-48a5-8e7b-7bf7a6d9364c', '5cfaa90a-6853-437f-96ac-42122826ac7a'),
('7cf4a3c4-816a-48a5-8e7b-7bf7a6d9364c', '6d3a4d43-06ea-478e-9a19-e2a8ea1dd28d'),
('7cf4a3c4-816a-48a5-8e7b-7bf7a6d9364c', '6dd93562-a751-4a93-b679-2786c07d6503'),
('7cf4a3c4-816a-48a5-8e7b-7bf7a6d9364c', '9c48af2a-4524-4942-acc8-696744126593'),
('7cf4a3c4-816a-48a5-8e7b-7bf7a6d9364c', 'ca99a63b-3a21-4e1a-8e2d-a6b09b487811'),
('7cf4a3c4-816a-48a5-8e7b-7bf7a6d9364c', 'dbcfa78d-d04c-4f6e-b835-561dd7f274d6'),
('7e4b4cde-fa64-4505-b14c-ccb4e1b0c357', '014ac386-5310-401c-a8e1-65a0eb424719'),
('7e4b4cde-fa64-4505-b14c-ccb4e1b0c357', '14888037-ed3e-49a9-8ab6-bb1733c4da96'),
('7e4b4cde-fa64-4505-b14c-ccb4e1b0c357', '2bf68bdf-930f-4bb0-afa3-76975849faa5'),
('7e4b4cde-fa64-4505-b14c-ccb4e1b0c357', '32937a83-b1a1-4ce5-a4e7-727177f53a0c'),
('7e4b4cde-fa64-4505-b14c-ccb4e1b0c357', '392c221a-69eb-4e4c-b5d2-b34f878b922c'),
('7e4b4cde-fa64-4505-b14c-ccb4e1b0c357', '3b0bdf67-1089-4298-b695-b24107b4ebc5'),
('7e4b4cde-fa64-4505-b14c-ccb4e1b0c357', '466f6e89-3ace-408b-bfe0-c15ab4f8079e'),
('7e4b4cde-fa64-4505-b14c-ccb4e1b0c357', '5cfaa90a-6853-437f-96ac-42122826ac7a'),
('7e4b4cde-fa64-4505-b14c-ccb4e1b0c357', '62c688a1-5a33-450f-ad8b-608f91becea5'),
('7e4b4cde-fa64-4505-b14c-ccb4e1b0c357', '6d3a4d43-06ea-478e-9a19-e2a8ea1dd28d'),
('7e4b4cde-fa64-4505-b14c-ccb4e1b0c357', '6dd93562-a751-4a93-b679-2786c07d6503'),
('7e4b4cde-fa64-4505-b14c-ccb4e1b0c357', '9c48af2a-4524-4942-acc8-696744126593'),
('7e4b4cde-fa64-4505-b14c-ccb4e1b0c357', 'ca99a63b-3a21-4e1a-8e2d-a6b09b487811'),
('7e4b4cde-fa64-4505-b14c-ccb4e1b0c357', 'dbcfa78d-d04c-4f6e-b835-561dd7f274d6'),
('7e777d67-3006-49e1-bc6a-b33c20866f6c', '014ac386-5310-401c-a8e1-65a0eb424719'),
('7e777d67-3006-49e1-bc6a-b33c20866f6c', '2bf68bdf-930f-4bb0-afa3-76975849faa5'),
('7e777d67-3006-49e1-bc6a-b33c20866f6c', '32937a83-b1a1-4ce5-a4e7-727177f53a0c'),
('7e777d67-3006-49e1-bc6a-b33c20866f6c', '392c221a-69eb-4e4c-b5d2-b34f878b922c'),
('7e777d67-3006-49e1-bc6a-b33c20866f6c', '3b0bdf67-1089-4298-b695-b24107b4ebc5'),
('7e777d67-3006-49e1-bc6a-b33c20866f6c', '3ed4d43d-6c4e-4fcd-940e-f8054a2f6476'),
('7e777d67-3006-49e1-bc6a-b33c20866f6c', '466f6e89-3ace-408b-bfe0-c15ab4f8079e'),
('7e777d67-3006-49e1-bc6a-b33c20866f6c', '5cfaa90a-6853-437f-96ac-42122826ac7a'),
('7e777d67-3006-49e1-bc6a-b33c20866f6c', '6d3a4d43-06ea-478e-9a19-e2a8ea1dd28d'),
('7e777d67-3006-49e1-bc6a-b33c20866f6c', '6dd93562-a751-4a93-b679-2786c07d6503'),
('7e777d67-3006-49e1-bc6a-b33c20866f6c', 'dbcfa78d-d04c-4f6e-b835-561dd7f274d6'),
('7ed8bb73-fa0d-4a73-a55b-390a45c8c80b', '014ac386-5310-401c-a8e1-65a0eb424719'),
('7ed8bb73-fa0d-4a73-a55b-390a45c8c80b', '32937a83-b1a1-4ce5-a4e7-727177f53a0c'),
('7ed8bb73-fa0d-4a73-a55b-390a45c8c80b', '392c221a-69eb-4e4c-b5d2-b34f878b922c'),
('7ed8bb73-fa0d-4a73-a55b-390a45c8c80b', '3b0bdf67-1089-4298-b695-b24107b4ebc5'),
('7ed8bb73-fa0d-4a73-a55b-390a45c8c80b', '3ed4d43d-6c4e-4fcd-940e-f8054a2f6476'),
('7ed8bb73-fa0d-4a73-a55b-390a45c8c80b', '466f6e89-3ace-408b-bfe0-c15ab4f8079e'),
('7ed8bb73-fa0d-4a73-a55b-390a45c8c80b', '5cfaa90a-6853-437f-96ac-42122826ac7a'),
('7ed8bb73-fa0d-4a73-a55b-390a45c8c80b', '62c688a1-5a33-450f-ad8b-608f91becea5'),
('7ed8bb73-fa0d-4a73-a55b-390a45c8c80b', '6d3a4d43-06ea-478e-9a19-e2a8ea1dd28d'),
('7ed8bb73-fa0d-4a73-a55b-390a45c8c80b', '6dd93562-a751-4a93-b679-2786c07d6503'),
('7ed8bb73-fa0d-4a73-a55b-390a45c8c80b', '9c48af2a-4524-4942-acc8-696744126593'),
('7ed8bb73-fa0d-4a73-a55b-390a45c8c80b', 'dbcfa78d-d04c-4f6e-b835-561dd7f274d6'),
('869ab018-e98f-49f9-af67-51b12e4e0620', '014ac386-5310-401c-a8e1-65a0eb424719'),
('869ab018-e98f-49f9-af67-51b12e4e0620', '14888037-ed3e-49a9-8ab6-bb1733c4da96'),
('869ab018-e98f-49f9-af67-51b12e4e0620', '32937a83-b1a1-4ce5-a4e7-727177f53a0c'),
('869ab018-e98f-49f9-af67-51b12e4e0620', '3b0bdf67-1089-4298-b695-b24107b4ebc5'),
('869ab018-e98f-49f9-af67-51b12e4e0620', '3ed4d43d-6c4e-4fcd-940e-f8054a2f6476'),
('869ab018-e98f-49f9-af67-51b12e4e0620', '466f6e89-3ace-408b-bfe0-c15ab4f8079e'),
('869ab018-e98f-49f9-af67-51b12e4e0620', '5cfaa90a-6853-437f-96ac-42122826ac7a'),
('869ab018-e98f-49f9-af67-51b12e4e0620', '62c688a1-5a33-450f-ad8b-608f91becea5'),
('869ab018-e98f-49f9-af67-51b12e4e0620', '6d3a4d43-06ea-478e-9a19-e2a8ea1dd28d'),
('869ab018-e98f-49f9-af67-51b12e4e0620', '6dd93562-a751-4a93-b679-2786c07d6503'),
('869ab018-e98f-49f9-af67-51b12e4e0620', '9c48af2a-4524-4942-acc8-696744126593'),
('88406873-9318-4e4d-8680-f88ed434d999', '014ac386-5310-401c-a8e1-65a0eb424719'),
('88406873-9318-4e4d-8680-f88ed434d999', '2bf68bdf-930f-4bb0-afa3-76975849faa5'),
('88406873-9318-4e4d-8680-f88ed434d999', '32937a83-b1a1-4ce5-a4e7-727177f53a0c'),
('88406873-9318-4e4d-8680-f88ed434d999', '392c221a-69eb-4e4c-b5d2-b34f878b922c'),
('88406873-9318-4e4d-8680-f88ed434d999', '3b0bdf67-1089-4298-b695-b24107b4ebc5'),
('88406873-9318-4e4d-8680-f88ed434d999', '3ed4d43d-6c4e-4fcd-940e-f8054a2f6476'),
('88406873-9318-4e4d-8680-f88ed434d999', '466f6e89-3ace-408b-bfe0-c15ab4f8079e'),
('88406873-9318-4e4d-8680-f88ed434d999', '5cfaa90a-6853-437f-96ac-42122826ac7a'),
('88406873-9318-4e4d-8680-f88ed434d999', '62c688a1-5a33-450f-ad8b-608f91becea5'),
('88406873-9318-4e4d-8680-f88ed434d999', '6d3a4d43-06ea-478e-9a19-e2a8ea1dd28d'),
('88406873-9318-4e4d-8680-f88ed434d999', '6dd93562-a751-4a93-b679-2786c07d6503'),
('88406873-9318-4e4d-8680-f88ed434d999', '9c48af2a-4524-4942-acc8-696744126593'),
('88406873-9318-4e4d-8680-f88ed434d999', 'ca99a63b-3a21-4e1a-8e2d-a6b09b487811'),
('88406873-9318-4e4d-8680-f88ed434d999', 'dbcfa78d-d04c-4f6e-b835-561dd7f274d6'),
('894eff72-f298-40e3-9d79-a9c1e35348c6', '14888037-ed3e-49a9-8ab6-bb1733c4da96'),
('894eff72-f298-40e3-9d79-a9c1e35348c6', '2bf68bdf-930f-4bb0-afa3-76975849faa5'),
('894eff72-f298-40e3-9d79-a9c1e35348c6', '32937a83-b1a1-4ce5-a4e7-727177f53a0c'),
('894eff72-f298-40e3-9d79-a9c1e35348c6', '392c221a-69eb-4e4c-b5d2-b34f878b922c'),
('894eff72-f298-40e3-9d79-a9c1e35348c6', '3b0bdf67-1089-4298-b695-b24107b4ebc5'),
('894eff72-f298-40e3-9d79-a9c1e35348c6', '3ed4d43d-6c4e-4fcd-940e-f8054a2f6476'),
('894eff72-f298-40e3-9d79-a9c1e35348c6', '466f6e89-3ace-408b-bfe0-c15ab4f8079e'),
('894eff72-f298-40e3-9d79-a9c1e35348c6', '5cfaa90a-6853-437f-96ac-42122826ac7a'),
('894eff72-f298-40e3-9d79-a9c1e35348c6', '6d3a4d43-06ea-478e-9a19-e2a8ea1dd28d'),
('894eff72-f298-40e3-9d79-a9c1e35348c6', '6dd93562-a751-4a93-b679-2786c07d6503'),
('894eff72-f298-40e3-9d79-a9c1e35348c6', '9c48af2a-4524-4942-acc8-696744126593'),
('894eff72-f298-40e3-9d79-a9c1e35348c6', 'ca99a63b-3a21-4e1a-8e2d-a6b09b487811'),
('894eff72-f298-40e3-9d79-a9c1e35348c6', 'dbcfa78d-d04c-4f6e-b835-561dd7f274d6'),
('8d44c816-79bb-4d90-8c73-48c28188dca5', '014ac386-5310-401c-a8e1-65a0eb424719'),
('8d44c816-79bb-4d90-8c73-48c28188dca5', '14888037-ed3e-49a9-8ab6-bb1733c4da96'),
('8d44c816-79bb-4d90-8c73-48c28188dca5', '2bf68bdf-930f-4bb0-afa3-76975849faa5'),
('8d44c816-79bb-4d90-8c73-48c28188dca5', '32937a83-b1a1-4ce5-a4e7-727177f53a0c'),
('8d44c816-79bb-4d90-8c73-48c28188dca5', '392c221a-69eb-4e4c-b5d2-b34f878b922c'),
('8d44c816-79bb-4d90-8c73-48c28188dca5', '3b0bdf67-1089-4298-b695-b24107b4ebc5'),
('8d44c816-79bb-4d90-8c73-48c28188dca5', '3ed4d43d-6c4e-4fcd-940e-f8054a2f6476'),
('8d44c816-79bb-4d90-8c73-48c28188dca5', '466f6e89-3ace-408b-bfe0-c15ab4f8079e'),
('8d44c816-79bb-4d90-8c73-48c28188dca5', '5cfaa90a-6853-437f-96ac-42122826ac7a'),
('8d44c816-79bb-4d90-8c73-48c28188dca5', '62c688a1-5a33-450f-ad8b-608f91becea5'),
('8d44c816-79bb-4d90-8c73-48c28188dca5', '6d3a4d43-06ea-478e-9a19-e2a8ea1dd28d'),
('8d44c816-79bb-4d90-8c73-48c28188dca5', '6dd93562-a751-4a93-b679-2786c07d6503'),
('8d44c816-79bb-4d90-8c73-48c28188dca5', '9c48af2a-4524-4942-acc8-696744126593'),
('8d44c816-79bb-4d90-8c73-48c28188dca5', 'ca99a63b-3a21-4e1a-8e2d-a6b09b487811'),
('8d44c816-79bb-4d90-8c73-48c28188dca5', 'dbcfa78d-d04c-4f6e-b835-561dd7f274d6'),
('92387ca8-9354-40f5-8af9-edc35c5d47dc', '014ac386-5310-401c-a8e1-65a0eb424719'),
('92387ca8-9354-40f5-8af9-edc35c5d47dc', '14888037-ed3e-49a9-8ab6-bb1733c4da96'),
('92387ca8-9354-40f5-8af9-edc35c5d47dc', '2bf68bdf-930f-4bb0-afa3-76975849faa5'),
('92387ca8-9354-40f5-8af9-edc35c5d47dc', '392c221a-69eb-4e4c-b5d2-b34f878b922c'),
('92387ca8-9354-40f5-8af9-edc35c5d47dc', '3b0bdf67-1089-4298-b695-b24107b4ebc5'),
('92387ca8-9354-40f5-8af9-edc35c5d47dc', '3ed4d43d-6c4e-4fcd-940e-f8054a2f6476'),
('92387ca8-9354-40f5-8af9-edc35c5d47dc', '466f6e89-3ace-408b-bfe0-c15ab4f8079e'),
('92387ca8-9354-40f5-8af9-edc35c5d47dc', '5cfaa90a-6853-437f-96ac-42122826ac7a'),
('92387ca8-9354-40f5-8af9-edc35c5d47dc', '62c688a1-5a33-450f-ad8b-608f91becea5'),
('92387ca8-9354-40f5-8af9-edc35c5d47dc', '6d3a4d43-06ea-478e-9a19-e2a8ea1dd28d'),
('92387ca8-9354-40f5-8af9-edc35c5d47dc', '6dd93562-a751-4a93-b679-2786c07d6503'),
('92387ca8-9354-40f5-8af9-edc35c5d47dc', '9c48af2a-4524-4942-acc8-696744126593'),
('92387ca8-9354-40f5-8af9-edc35c5d47dc', 'ca99a63b-3a21-4e1a-8e2d-a6b09b487811'),
('92387ca8-9354-40f5-8af9-edc35c5d47dc', 'dbcfa78d-d04c-4f6e-b835-561dd7f274d6'),
('954762c6-061f-4199-9ca7-73696bf01d3d', '014ac386-5310-401c-a8e1-65a0eb424719'),
('954762c6-061f-4199-9ca7-73696bf01d3d', '14888037-ed3e-49a9-8ab6-bb1733c4da96'),
('954762c6-061f-4199-9ca7-73696bf01d3d', '2bf68bdf-930f-4bb0-afa3-76975849faa5'),
('954762c6-061f-4199-9ca7-73696bf01d3d', '32937a83-b1a1-4ce5-a4e7-727177f53a0c'),
('954762c6-061f-4199-9ca7-73696bf01d3d', '392c221a-69eb-4e4c-b5d2-b34f878b922c'),
('954762c6-061f-4199-9ca7-73696bf01d3d', '3b0bdf67-1089-4298-b695-b24107b4ebc5'),
('954762c6-061f-4199-9ca7-73696bf01d3d', '3ed4d43d-6c4e-4fcd-940e-f8054a2f6476'),
('954762c6-061f-4199-9ca7-73696bf01d3d', '466f6e89-3ace-408b-bfe0-c15ab4f8079e'),
('954762c6-061f-4199-9ca7-73696bf01d3d', '5cfaa90a-6853-437f-96ac-42122826ac7a'),
('954762c6-061f-4199-9ca7-73696bf01d3d', '62c688a1-5a33-450f-ad8b-608f91becea5'),
('954762c6-061f-4199-9ca7-73696bf01d3d', '6dd93562-a751-4a93-b679-2786c07d6503'),
('954762c6-061f-4199-9ca7-73696bf01d3d', '9c48af2a-4524-4942-acc8-696744126593'),
('954762c6-061f-4199-9ca7-73696bf01d3d', 'ca99a63b-3a21-4e1a-8e2d-a6b09b487811'),
('954762c6-061f-4199-9ca7-73696bf01d3d', 'dbcfa78d-d04c-4f6e-b835-561dd7f274d6'),
('957e157f-46ad-4f8b-aee0-ee1a5cd20775', '014ac386-5310-401c-a8e1-65a0eb424719'),
('957e157f-46ad-4f8b-aee0-ee1a5cd20775', '14888037-ed3e-49a9-8ab6-bb1733c4da96'),
('957e157f-46ad-4f8b-aee0-ee1a5cd20775', '2bf68bdf-930f-4bb0-afa3-76975849faa5'),
('957e157f-46ad-4f8b-aee0-ee1a5cd20775', '32937a83-b1a1-4ce5-a4e7-727177f53a0c'),
('957e157f-46ad-4f8b-aee0-ee1a5cd20775', '392c221a-69eb-4e4c-b5d2-b34f878b922c'),
('957e157f-46ad-4f8b-aee0-ee1a5cd20775', '3ed4d43d-6c4e-4fcd-940e-f8054a2f6476'),
('957e157f-46ad-4f8b-aee0-ee1a5cd20775', '466f6e89-3ace-408b-bfe0-c15ab4f8079e'),
('957e157f-46ad-4f8b-aee0-ee1a5cd20775', '5cfaa90a-6853-437f-96ac-42122826ac7a'),
('957e157f-46ad-4f8b-aee0-ee1a5cd20775', '62c688a1-5a33-450f-ad8b-608f91becea5'),
('957e157f-46ad-4f8b-aee0-ee1a5cd20775', '6d3a4d43-06ea-478e-9a19-e2a8ea1dd28d'),
('957e157f-46ad-4f8b-aee0-ee1a5cd20775', '9c48af2a-4524-4942-acc8-696744126593'),
('957e157f-46ad-4f8b-aee0-ee1a5cd20775', 'ca99a63b-3a21-4e1a-8e2d-a6b09b487811'),
('957e157f-46ad-4f8b-aee0-ee1a5cd20775', 'dbcfa78d-d04c-4f6e-b835-561dd7f274d6'),
('99dbaeb9-6d11-457d-990a-43960555042d', '014ac386-5310-401c-a8e1-65a0eb424719'),
('99dbaeb9-6d11-457d-990a-43960555042d', '14888037-ed3e-49a9-8ab6-bb1733c4da96'),
('99dbaeb9-6d11-457d-990a-43960555042d', '2bf68bdf-930f-4bb0-afa3-76975849faa5'),
('99dbaeb9-6d11-457d-990a-43960555042d', '32937a83-b1a1-4ce5-a4e7-727177f53a0c'),
('99dbaeb9-6d11-457d-990a-43960555042d', '392c221a-69eb-4e4c-b5d2-b34f878b922c'),
('99dbaeb9-6d11-457d-990a-43960555042d', '3b0bdf67-1089-4298-b695-b24107b4ebc5'),
('99dbaeb9-6d11-457d-990a-43960555042d', '3ed4d43d-6c4e-4fcd-940e-f8054a2f6476'),
('99dbaeb9-6d11-457d-990a-43960555042d', '466f6e89-3ace-408b-bfe0-c15ab4f8079e'),
('99dbaeb9-6d11-457d-990a-43960555042d', '5cfaa90a-6853-437f-96ac-42122826ac7a'),
('99dbaeb9-6d11-457d-990a-43960555042d', '62c688a1-5a33-450f-ad8b-608f91becea5'),
('99dbaeb9-6d11-457d-990a-43960555042d', '6dd93562-a751-4a93-b679-2786c07d6503'),
('99dbaeb9-6d11-457d-990a-43960555042d', '9c48af2a-4524-4942-acc8-696744126593'),
('99dbaeb9-6d11-457d-990a-43960555042d', 'ca99a63b-3a21-4e1a-8e2d-a6b09b487811'),
('99dbaeb9-6d11-457d-990a-43960555042d', 'dbcfa78d-d04c-4f6e-b835-561dd7f274d6'),
('9dc4e5f6-ba35-45e1-8841-de0d4dd2bfd0', '014ac386-5310-401c-a8e1-65a0eb424719'),
('9dc4e5f6-ba35-45e1-8841-de0d4dd2bfd0', '14888037-ed3e-49a9-8ab6-bb1733c4da96'),
('9dc4e5f6-ba35-45e1-8841-de0d4dd2bfd0', '2bf68bdf-930f-4bb0-afa3-76975849faa5'),
('9dc4e5f6-ba35-45e1-8841-de0d4dd2bfd0', '32937a83-b1a1-4ce5-a4e7-727177f53a0c'),
('9dc4e5f6-ba35-45e1-8841-de0d4dd2bfd0', '392c221a-69eb-4e4c-b5d2-b34f878b922c'),
('9dc4e5f6-ba35-45e1-8841-de0d4dd2bfd0', '3ed4d43d-6c4e-4fcd-940e-f8054a2f6476'),
('9dc4e5f6-ba35-45e1-8841-de0d4dd2bfd0', '466f6e89-3ace-408b-bfe0-c15ab4f8079e'),
('9dc4e5f6-ba35-45e1-8841-de0d4dd2bfd0', '5cfaa90a-6853-437f-96ac-42122826ac7a'),
('9dc4e5f6-ba35-45e1-8841-de0d4dd2bfd0', '6d3a4d43-06ea-478e-9a19-e2a8ea1dd28d'),
('9dc4e5f6-ba35-45e1-8841-de0d4dd2bfd0', '6dd93562-a751-4a93-b679-2786c07d6503'),
('9dc4e5f6-ba35-45e1-8841-de0d4dd2bfd0', '9c48af2a-4524-4942-acc8-696744126593'),
('9dc4e5f6-ba35-45e1-8841-de0d4dd2bfd0', 'ca99a63b-3a21-4e1a-8e2d-a6b09b487811'),
('9dc4e5f6-ba35-45e1-8841-de0d4dd2bfd0', 'dbcfa78d-d04c-4f6e-b835-561dd7f274d6'),
('9ecf81a3-35e1-4ce7-a123-ae8db727a6c1', '014ac386-5310-401c-a8e1-65a0eb424719'),
('9ecf81a3-35e1-4ce7-a123-ae8db727a6c1', '14888037-ed3e-49a9-8ab6-bb1733c4da96'),
('9ecf81a3-35e1-4ce7-a123-ae8db727a6c1', '32937a83-b1a1-4ce5-a4e7-727177f53a0c'),
('9ecf81a3-35e1-4ce7-a123-ae8db727a6c1', '392c221a-69eb-4e4c-b5d2-b34f878b922c'),
('9ecf81a3-35e1-4ce7-a123-ae8db727a6c1', '3b0bdf67-1089-4298-b695-b24107b4ebc5'),
('9ecf81a3-35e1-4ce7-a123-ae8db727a6c1', '3ed4d43d-6c4e-4fcd-940e-f8054a2f6476'),
('9ecf81a3-35e1-4ce7-a123-ae8db727a6c1', '466f6e89-3ace-408b-bfe0-c15ab4f8079e'),
('9ecf81a3-35e1-4ce7-a123-ae8db727a6c1', '5cfaa90a-6853-437f-96ac-42122826ac7a'),
('9ecf81a3-35e1-4ce7-a123-ae8db727a6c1', '6d3a4d43-06ea-478e-9a19-e2a8ea1dd28d'),
('9ecf81a3-35e1-4ce7-a123-ae8db727a6c1', '6dd93562-a751-4a93-b679-2786c07d6503'),
('9ecf81a3-35e1-4ce7-a123-ae8db727a6c1', '9c48af2a-4524-4942-acc8-696744126593'),
('9ecf81a3-35e1-4ce7-a123-ae8db727a6c1', 'ca99a63b-3a21-4e1a-8e2d-a6b09b487811'),
('9ecf81a3-35e1-4ce7-a123-ae8db727a6c1', 'dbcfa78d-d04c-4f6e-b835-561dd7f274d6'),
('aa81156d-757e-421d-98fa-ee4a180c774e', '014ac386-5310-401c-a8e1-65a0eb424719'),
('aa81156d-757e-421d-98fa-ee4a180c774e', '2bf68bdf-930f-4bb0-afa3-76975849faa5'),
('aa81156d-757e-421d-98fa-ee4a180c774e', '32937a83-b1a1-4ce5-a4e7-727177f53a0c'),
('aa81156d-757e-421d-98fa-ee4a180c774e', '392c221a-69eb-4e4c-b5d2-b34f878b922c'),
('aa81156d-757e-421d-98fa-ee4a180c774e', '3b0bdf67-1089-4298-b695-b24107b4ebc5'),
('aa81156d-757e-421d-98fa-ee4a180c774e', '3ed4d43d-6c4e-4fcd-940e-f8054a2f6476'),
('aa81156d-757e-421d-98fa-ee4a180c774e', '466f6e89-3ace-408b-bfe0-c15ab4f8079e'),
('aa81156d-757e-421d-98fa-ee4a180c774e', '5cfaa90a-6853-437f-96ac-42122826ac7a'),
('aa81156d-757e-421d-98fa-ee4a180c774e', '62c688a1-5a33-450f-ad8b-608f91becea5'),
('aa81156d-757e-421d-98fa-ee4a180c774e', '6d3a4d43-06ea-478e-9a19-e2a8ea1dd28d'),
('aa81156d-757e-421d-98fa-ee4a180c774e', '6dd93562-a751-4a93-b679-2786c07d6503'),
('aa81156d-757e-421d-98fa-ee4a180c774e', '9c48af2a-4524-4942-acc8-696744126593'),
('aa81156d-757e-421d-98fa-ee4a180c774e', 'dbcfa78d-d04c-4f6e-b835-561dd7f274d6'),
('ab879f3c-9130-4145-b991-16af3887029b', '014ac386-5310-401c-a8e1-65a0eb424719'),
('ab879f3c-9130-4145-b991-16af3887029b', '2bf68bdf-930f-4bb0-afa3-76975849faa5'),
('ab879f3c-9130-4145-b991-16af3887029b', '32937a83-b1a1-4ce5-a4e7-727177f53a0c'),
('ab879f3c-9130-4145-b991-16af3887029b', '392c221a-69eb-4e4c-b5d2-b34f878b922c'),
('ab879f3c-9130-4145-b991-16af3887029b', '3b0bdf67-1089-4298-b695-b24107b4ebc5'),
('ab879f3c-9130-4145-b991-16af3887029b', '3ed4d43d-6c4e-4fcd-940e-f8054a2f6476'),
('ab879f3c-9130-4145-b991-16af3887029b', '466f6e89-3ace-408b-bfe0-c15ab4f8079e'),
('ab879f3c-9130-4145-b991-16af3887029b', '5cfaa90a-6853-437f-96ac-42122826ac7a'),
('ab879f3c-9130-4145-b991-16af3887029b', '6d3a4d43-06ea-478e-9a19-e2a8ea1dd28d'),
('ab879f3c-9130-4145-b991-16af3887029b', '6dd93562-a751-4a93-b679-2786c07d6503'),
('ab879f3c-9130-4145-b991-16af3887029b', 'dbcfa78d-d04c-4f6e-b835-561dd7f274d6'),
('ad2ec313-cab3-4898-a5ca-0715578df7d6', '014ac386-5310-401c-a8e1-65a0eb424719'),
('ad2ec313-cab3-4898-a5ca-0715578df7d6', '14888037-ed3e-49a9-8ab6-bb1733c4da96'),
('ad2ec313-cab3-4898-a5ca-0715578df7d6', '2bf68bdf-930f-4bb0-afa3-76975849faa5'),
('ad2ec313-cab3-4898-a5ca-0715578df7d6', '32937a83-b1a1-4ce5-a4e7-727177f53a0c'),
('ad2ec313-cab3-4898-a5ca-0715578df7d6', '392c221a-69eb-4e4c-b5d2-b34f878b922c'),
('ad2ec313-cab3-4898-a5ca-0715578df7d6', '3ed4d43d-6c4e-4fcd-940e-f8054a2f6476'),
('ad2ec313-cab3-4898-a5ca-0715578df7d6', '466f6e89-3ace-408b-bfe0-c15ab4f8079e'),
('ad2ec313-cab3-4898-a5ca-0715578df7d6', '5cfaa90a-6853-437f-96ac-42122826ac7a'),
('ad2ec313-cab3-4898-a5ca-0715578df7d6', '62c688a1-5a33-450f-ad8b-608f91becea5'),
('ad2ec313-cab3-4898-a5ca-0715578df7d6', '6d3a4d43-06ea-478e-9a19-e2a8ea1dd28d'),
('ad2ec313-cab3-4898-a5ca-0715578df7d6', '6dd93562-a751-4a93-b679-2786c07d6503'),
('ad2ec313-cab3-4898-a5ca-0715578df7d6', '9c48af2a-4524-4942-acc8-696744126593'),
('ad2ec313-cab3-4898-a5ca-0715578df7d6', 'ca99a63b-3a21-4e1a-8e2d-a6b09b487811'),
('ad2ec313-cab3-4898-a5ca-0715578df7d6', 'dbcfa78d-d04c-4f6e-b835-561dd7f274d6'),
('b37648bc-fb4d-4d66-a4ca-6181b9e6b945', '014ac386-5310-401c-a8e1-65a0eb424719'),
('b37648bc-fb4d-4d66-a4ca-6181b9e6b945', '2bf68bdf-930f-4bb0-afa3-76975849faa5'),
('b37648bc-fb4d-4d66-a4ca-6181b9e6b945', '32937a83-b1a1-4ce5-a4e7-727177f53a0c'),
('b37648bc-fb4d-4d66-a4ca-6181b9e6b945', '392c221a-69eb-4e4c-b5d2-b34f878b922c'),
('b37648bc-fb4d-4d66-a4ca-6181b9e6b945', '3b0bdf67-1089-4298-b695-b24107b4ebc5'),
('b37648bc-fb4d-4d66-a4ca-6181b9e6b945', '3ed4d43d-6c4e-4fcd-940e-f8054a2f6476'),
('b37648bc-fb4d-4d66-a4ca-6181b9e6b945', '466f6e89-3ace-408b-bfe0-c15ab4f8079e'),
('b37648bc-fb4d-4d66-a4ca-6181b9e6b945', '5cfaa90a-6853-437f-96ac-42122826ac7a'),
('b37648bc-fb4d-4d66-a4ca-6181b9e6b945', '62c688a1-5a33-450f-ad8b-608f91becea5'),
('b37648bc-fb4d-4d66-a4ca-6181b9e6b945', '6d3a4d43-06ea-478e-9a19-e2a8ea1dd28d'),
('b37648bc-fb4d-4d66-a4ca-6181b9e6b945', '6dd93562-a751-4a93-b679-2786c07d6503'),
('b37648bc-fb4d-4d66-a4ca-6181b9e6b945', '9c48af2a-4524-4942-acc8-696744126593'),
('b37648bc-fb4d-4d66-a4ca-6181b9e6b945', 'dbcfa78d-d04c-4f6e-b835-561dd7f274d6'),
('b38ae056-f67b-4fc4-a848-df705f8039f0', '014ac386-5310-401c-a8e1-65a0eb424719'),
('b38ae056-f67b-4fc4-a848-df705f8039f0', '14888037-ed3e-49a9-8ab6-bb1733c4da96'),
('b38ae056-f67b-4fc4-a848-df705f8039f0', '2bf68bdf-930f-4bb0-afa3-76975849faa5'),
('b38ae056-f67b-4fc4-a848-df705f8039f0', '32937a83-b1a1-4ce5-a4e7-727177f53a0c'),
('b38ae056-f67b-4fc4-a848-df705f8039f0', '392c221a-69eb-4e4c-b5d2-b34f878b922c'),
('b38ae056-f67b-4fc4-a848-df705f8039f0', '3b0bdf67-1089-4298-b695-b24107b4ebc5'),
('b38ae056-f67b-4fc4-a848-df705f8039f0', '3ed4d43d-6c4e-4fcd-940e-f8054a2f6476'),
('b38ae056-f67b-4fc4-a848-df705f8039f0', '466f6e89-3ace-408b-bfe0-c15ab4f8079e'),
('b38ae056-f67b-4fc4-a848-df705f8039f0', '5cfaa90a-6853-437f-96ac-42122826ac7a'),
('b38ae056-f67b-4fc4-a848-df705f8039f0', '62c688a1-5a33-450f-ad8b-608f91becea5'),
('b38ae056-f67b-4fc4-a848-df705f8039f0', '6dd93562-a751-4a93-b679-2786c07d6503'),
('b38ae056-f67b-4fc4-a848-df705f8039f0', '9c48af2a-4524-4942-acc8-696744126593'),
('b38ae056-f67b-4fc4-a848-df705f8039f0', 'ca99a63b-3a21-4e1a-8e2d-a6b09b487811'),
('b38ae056-f67b-4fc4-a848-df705f8039f0', 'dbcfa78d-d04c-4f6e-b835-561dd7f274d6'),
('b67ba024-f3eb-459d-af0a-84b0c77b5b48', '014ac386-5310-401c-a8e1-65a0eb424719'),
('b67ba024-f3eb-459d-af0a-84b0c77b5b48', '14888037-ed3e-49a9-8ab6-bb1733c4da96'),
('b67ba024-f3eb-459d-af0a-84b0c77b5b48', '2bf68bdf-930f-4bb0-afa3-76975849faa5'),
('b67ba024-f3eb-459d-af0a-84b0c77b5b48', '32937a83-b1a1-4ce5-a4e7-727177f53a0c'),
('b67ba024-f3eb-459d-af0a-84b0c77b5b48', '392c221a-69eb-4e4c-b5d2-b34f878b922c'),
('b67ba024-f3eb-459d-af0a-84b0c77b5b48', '3b0bdf67-1089-4298-b695-b24107b4ebc5'),
('b67ba024-f3eb-459d-af0a-84b0c77b5b48', '3ed4d43d-6c4e-4fcd-940e-f8054a2f6476'),
('b67ba024-f3eb-459d-af0a-84b0c77b5b48', '5cfaa90a-6853-437f-96ac-42122826ac7a'),
('b67ba024-f3eb-459d-af0a-84b0c77b5b48', '6d3a4d43-06ea-478e-9a19-e2a8ea1dd28d'),
('b67ba024-f3eb-459d-af0a-84b0c77b5b48', '6dd93562-a751-4a93-b679-2786c07d6503'),
('b67ba024-f3eb-459d-af0a-84b0c77b5b48', '9c48af2a-4524-4942-acc8-696744126593'),
('b67ba024-f3eb-459d-af0a-84b0c77b5b48', 'ca99a63b-3a21-4e1a-8e2d-a6b09b487811'),
('b67ba024-f3eb-459d-af0a-84b0c77b5b48', 'dbcfa78d-d04c-4f6e-b835-561dd7f274d6'),
('b7873e92-3719-4306-88e1-544d07756351', '014ac386-5310-401c-a8e1-65a0eb424719'),
('b7873e92-3719-4306-88e1-544d07756351', '14888037-ed3e-49a9-8ab6-bb1733c4da96'),
('b7873e92-3719-4306-88e1-544d07756351', '32937a83-b1a1-4ce5-a4e7-727177f53a0c'),
('b7873e92-3719-4306-88e1-544d07756351', '392c221a-69eb-4e4c-b5d2-b34f878b922c'),
('b7873e92-3719-4306-88e1-544d07756351', '3b0bdf67-1089-4298-b695-b24107b4ebc5'),
('b7873e92-3719-4306-88e1-544d07756351', '3ed4d43d-6c4e-4fcd-940e-f8054a2f6476'),
('b7873e92-3719-4306-88e1-544d07756351', '466f6e89-3ace-408b-bfe0-c15ab4f8079e'),
('b7873e92-3719-4306-88e1-544d07756351', '5cfaa90a-6853-437f-96ac-42122826ac7a'),
('b7873e92-3719-4306-88e1-544d07756351', '6d3a4d43-06ea-478e-9a19-e2a8ea1dd28d'),
('b7873e92-3719-4306-88e1-544d07756351', '6dd93562-a751-4a93-b679-2786c07d6503'),
('b7873e92-3719-4306-88e1-544d07756351', '9c48af2a-4524-4942-acc8-696744126593'),
('b7873e92-3719-4306-88e1-544d07756351', 'ca99a63b-3a21-4e1a-8e2d-a6b09b487811'),
('b7873e92-3719-4306-88e1-544d07756351', 'dbcfa78d-d04c-4f6e-b835-561dd7f274d6'),
('b7f2324b-bd5b-4cc5-81d6-885e0ecaaf2d', '14888037-ed3e-49a9-8ab6-bb1733c4da96'),
('b7f2324b-bd5b-4cc5-81d6-885e0ecaaf2d', '2bf68bdf-930f-4bb0-afa3-76975849faa5'),
('b7f2324b-bd5b-4cc5-81d6-885e0ecaaf2d', '32937a83-b1a1-4ce5-a4e7-727177f53a0c'),
('b7f2324b-bd5b-4cc5-81d6-885e0ecaaf2d', '392c221a-69eb-4e4c-b5d2-b34f878b922c'),
('b7f2324b-bd5b-4cc5-81d6-885e0ecaaf2d', '3b0bdf67-1089-4298-b695-b24107b4ebc5'),
('b7f2324b-bd5b-4cc5-81d6-885e0ecaaf2d', '3ed4d43d-6c4e-4fcd-940e-f8054a2f6476'),
('b7f2324b-bd5b-4cc5-81d6-885e0ecaaf2d', '466f6e89-3ace-408b-bfe0-c15ab4f8079e'),
('b7f2324b-bd5b-4cc5-81d6-885e0ecaaf2d', '5cfaa90a-6853-437f-96ac-42122826ac7a'),
('b7f2324b-bd5b-4cc5-81d6-885e0ecaaf2d', '62c688a1-5a33-450f-ad8b-608f91becea5'),
('b7f2324b-bd5b-4cc5-81d6-885e0ecaaf2d', '6d3a4d43-06ea-478e-9a19-e2a8ea1dd28d'),
('b7f2324b-bd5b-4cc5-81d6-885e0ecaaf2d', '6dd93562-a751-4a93-b679-2786c07d6503'),
('b7f2324b-bd5b-4cc5-81d6-885e0ecaaf2d', 'ca99a63b-3a21-4e1a-8e2d-a6b09b487811'),
('b9008ab5-13b4-4eec-a7bb-f32bec274a5e', '014ac386-5310-401c-a8e1-65a0eb424719'),
('b9008ab5-13b4-4eec-a7bb-f32bec274a5e', '14888037-ed3e-49a9-8ab6-bb1733c4da96'),
('b9008ab5-13b4-4eec-a7bb-f32bec274a5e', '2bf68bdf-930f-4bb0-afa3-76975849faa5'),
('b9008ab5-13b4-4eec-a7bb-f32bec274a5e', '32937a83-b1a1-4ce5-a4e7-727177f53a0c'),
('b9008ab5-13b4-4eec-a7bb-f32bec274a5e', '392c221a-69eb-4e4c-b5d2-b34f878b922c'),
('b9008ab5-13b4-4eec-a7bb-f32bec274a5e', '3b0bdf67-1089-4298-b695-b24107b4ebc5'),
('b9008ab5-13b4-4eec-a7bb-f32bec274a5e', '3ed4d43d-6c4e-4fcd-940e-f8054a2f6476'),
('b9008ab5-13b4-4eec-a7bb-f32bec274a5e', '5cfaa90a-6853-437f-96ac-42122826ac7a'),
('b9008ab5-13b4-4eec-a7bb-f32bec274a5e', '62c688a1-5a33-450f-ad8b-608f91becea5'),
('b9008ab5-13b4-4eec-a7bb-f32bec274a5e', '6d3a4d43-06ea-478e-9a19-e2a8ea1dd28d'),
('b9008ab5-13b4-4eec-a7bb-f32bec274a5e', '6dd93562-a751-4a93-b679-2786c07d6503'),
('b9008ab5-13b4-4eec-a7bb-f32bec274a5e', '9c48af2a-4524-4942-acc8-696744126593'),
('b9008ab5-13b4-4eec-a7bb-f32bec274a5e', 'ca99a63b-3a21-4e1a-8e2d-a6b09b487811'),
('b9008ab5-13b4-4eec-a7bb-f32bec274a5e', 'dbcfa78d-d04c-4f6e-b835-561dd7f274d6'),
('bdf497e1-2696-4f85-90f7-20884f84e312', '014ac386-5310-401c-a8e1-65a0eb424719'),
('bdf497e1-2696-4f85-90f7-20884f84e312', '14888037-ed3e-49a9-8ab6-bb1733c4da96'),
('bdf497e1-2696-4f85-90f7-20884f84e312', '2bf68bdf-930f-4bb0-afa3-76975849faa5'),
('bdf497e1-2696-4f85-90f7-20884f84e312', '32937a83-b1a1-4ce5-a4e7-727177f53a0c'),
('bdf497e1-2696-4f85-90f7-20884f84e312', '392c221a-69eb-4e4c-b5d2-b34f878b922c'),
('bdf497e1-2696-4f85-90f7-20884f84e312', '3ed4d43d-6c4e-4fcd-940e-f8054a2f6476'),
('bdf497e1-2696-4f85-90f7-20884f84e312', '466f6e89-3ace-408b-bfe0-c15ab4f8079e'),
('bdf497e1-2696-4f85-90f7-20884f84e312', '5cfaa90a-6853-437f-96ac-42122826ac7a'),
('bdf497e1-2696-4f85-90f7-20884f84e312', '62c688a1-5a33-450f-ad8b-608f91becea5'),
('bdf497e1-2696-4f85-90f7-20884f84e312', '6d3a4d43-06ea-478e-9a19-e2a8ea1dd28d'),
('bdf497e1-2696-4f85-90f7-20884f84e312', '6dd93562-a751-4a93-b679-2786c07d6503'),
('bdf497e1-2696-4f85-90f7-20884f84e312', '9c48af2a-4524-4942-acc8-696744126593'),
('bdf497e1-2696-4f85-90f7-20884f84e312', 'ca99a63b-3a21-4e1a-8e2d-a6b09b487811'),
('bdf497e1-2696-4f85-90f7-20884f84e312', 'dbcfa78d-d04c-4f6e-b835-561dd7f274d6'),
('be4fc8dd-4ac9-4879-96fa-4182b78b7703', '14888037-ed3e-49a9-8ab6-bb1733c4da96'),
('be4fc8dd-4ac9-4879-96fa-4182b78b7703', '2bf68bdf-930f-4bb0-afa3-76975849faa5'),
('be4fc8dd-4ac9-4879-96fa-4182b78b7703', '32937a83-b1a1-4ce5-a4e7-727177f53a0c'),
('be4fc8dd-4ac9-4879-96fa-4182b78b7703', '392c221a-69eb-4e4c-b5d2-b34f878b922c'),
('be4fc8dd-4ac9-4879-96fa-4182b78b7703', '3b0bdf67-1089-4298-b695-b24107b4ebc5'),
('be4fc8dd-4ac9-4879-96fa-4182b78b7703', '3ed4d43d-6c4e-4fcd-940e-f8054a2f6476'),
('be4fc8dd-4ac9-4879-96fa-4182b78b7703', '466f6e89-3ace-408b-bfe0-c15ab4f8079e'),
('be4fc8dd-4ac9-4879-96fa-4182b78b7703', '5cfaa90a-6853-437f-96ac-42122826ac7a'),
('be4fc8dd-4ac9-4879-96fa-4182b78b7703', '62c688a1-5a33-450f-ad8b-608f91becea5'),
('be4fc8dd-4ac9-4879-96fa-4182b78b7703', '6dd93562-a751-4a93-b679-2786c07d6503'),
('be4fc8dd-4ac9-4879-96fa-4182b78b7703', '9c48af2a-4524-4942-acc8-696744126593'),
('be4fc8dd-4ac9-4879-96fa-4182b78b7703', 'dbcfa78d-d04c-4f6e-b835-561dd7f274d6'),
('c2d90615-e815-4648-8f94-c53b3273d72e', '014ac386-5310-401c-a8e1-65a0eb424719'),
('c2d90615-e815-4648-8f94-c53b3273d72e', '2bf68bdf-930f-4bb0-afa3-76975849faa5'),
('c2d90615-e815-4648-8f94-c53b3273d72e', '32937a83-b1a1-4ce5-a4e7-727177f53a0c'),
('c2d90615-e815-4648-8f94-c53b3273d72e', '392c221a-69eb-4e4c-b5d2-b34f878b922c'),
('c2d90615-e815-4648-8f94-c53b3273d72e', '3ed4d43d-6c4e-4fcd-940e-f8054a2f6476'),
('c2d90615-e815-4648-8f94-c53b3273d72e', '466f6e89-3ace-408b-bfe0-c15ab4f8079e'),
('c2d90615-e815-4648-8f94-c53b3273d72e', '5cfaa90a-6853-437f-96ac-42122826ac7a'),
('c2d90615-e815-4648-8f94-c53b3273d72e', '62c688a1-5a33-450f-ad8b-608f91becea5'),
('c2d90615-e815-4648-8f94-c53b3273d72e', '6d3a4d43-06ea-478e-9a19-e2a8ea1dd28d'),
('c2d90615-e815-4648-8f94-c53b3273d72e', '6dd93562-a751-4a93-b679-2786c07d6503'),
('c2d90615-e815-4648-8f94-c53b3273d72e', '9c48af2a-4524-4942-acc8-696744126593'),
('c2d90615-e815-4648-8f94-c53b3273d72e', 'ca99a63b-3a21-4e1a-8e2d-a6b09b487811'),
('c2d90615-e815-4648-8f94-c53b3273d72e', 'dbcfa78d-d04c-4f6e-b835-561dd7f274d6'),
('c4747654-a0ae-407c-9ae4-718cedc385c5', '014ac386-5310-401c-a8e1-65a0eb424719'),
('c4747654-a0ae-407c-9ae4-718cedc385c5', '14888037-ed3e-49a9-8ab6-bb1733c4da96'),
('c4747654-a0ae-407c-9ae4-718cedc385c5', '2bf68bdf-930f-4bb0-afa3-76975849faa5'),
('c4747654-a0ae-407c-9ae4-718cedc385c5', '32937a83-b1a1-4ce5-a4e7-727177f53a0c'),
('c4747654-a0ae-407c-9ae4-718cedc385c5', '392c221a-69eb-4e4c-b5d2-b34f878b922c'),
('c4747654-a0ae-407c-9ae4-718cedc385c5', '3b0bdf67-1089-4298-b695-b24107b4ebc5'),
('c4747654-a0ae-407c-9ae4-718cedc385c5', '3ed4d43d-6c4e-4fcd-940e-f8054a2f6476'),
('c4747654-a0ae-407c-9ae4-718cedc385c5', '466f6e89-3ace-408b-bfe0-c15ab4f8079e'),
('c4747654-a0ae-407c-9ae4-718cedc385c5', '5cfaa90a-6853-437f-96ac-42122826ac7a'),
('c4747654-a0ae-407c-9ae4-718cedc385c5', '62c688a1-5a33-450f-ad8b-608f91becea5'),
('c4747654-a0ae-407c-9ae4-718cedc385c5', '6d3a4d43-06ea-478e-9a19-e2a8ea1dd28d'),
('c4747654-a0ae-407c-9ae4-718cedc385c5', '6dd93562-a751-4a93-b679-2786c07d6503'),
('c4747654-a0ae-407c-9ae4-718cedc385c5', '9c48af2a-4524-4942-acc8-696744126593'),
('c4747654-a0ae-407c-9ae4-718cedc385c5', 'ca99a63b-3a21-4e1a-8e2d-a6b09b487811'),
('c4747654-a0ae-407c-9ae4-718cedc385c5', 'dbcfa78d-d04c-4f6e-b835-561dd7f274d6'),
('c48a165b-51ca-4f89-8cab-65fed8025134', '014ac386-5310-401c-a8e1-65a0eb424719'),
('c48a165b-51ca-4f89-8cab-65fed8025134', '2bf68bdf-930f-4bb0-afa3-76975849faa5'),
('c48a165b-51ca-4f89-8cab-65fed8025134', '3b0bdf67-1089-4298-b695-b24107b4ebc5'),
('c48a165b-51ca-4f89-8cab-65fed8025134', '3ed4d43d-6c4e-4fcd-940e-f8054a2f6476'),
('c48a165b-51ca-4f89-8cab-65fed8025134', '466f6e89-3ace-408b-bfe0-c15ab4f8079e'),
('c48a165b-51ca-4f89-8cab-65fed8025134', '5cfaa90a-6853-437f-96ac-42122826ac7a'),
('c48a165b-51ca-4f89-8cab-65fed8025134', '62c688a1-5a33-450f-ad8b-608f91becea5'),
('c48a165b-51ca-4f89-8cab-65fed8025134', '6d3a4d43-06ea-478e-9a19-e2a8ea1dd28d'),
('c48a165b-51ca-4f89-8cab-65fed8025134', '9c48af2a-4524-4942-acc8-696744126593'),
('c48a165b-51ca-4f89-8cab-65fed8025134', 'ca99a63b-3a21-4e1a-8e2d-a6b09b487811'),
('c48a165b-51ca-4f89-8cab-65fed8025134', 'dbcfa78d-d04c-4f6e-b835-561dd7f274d6'),
('c61cf726-251f-429e-8c82-7f60487d28b2', '014ac386-5310-401c-a8e1-65a0eb424719'),
('c61cf726-251f-429e-8c82-7f60487d28b2', '14888037-ed3e-49a9-8ab6-bb1733c4da96'),
('c61cf726-251f-429e-8c82-7f60487d28b2', '2bf68bdf-930f-4bb0-afa3-76975849faa5'),
('c61cf726-251f-429e-8c82-7f60487d28b2', '32937a83-b1a1-4ce5-a4e7-727177f53a0c'),
('c61cf726-251f-429e-8c82-7f60487d28b2', '392c221a-69eb-4e4c-b5d2-b34f878b922c'),
('c61cf726-251f-429e-8c82-7f60487d28b2', '3b0bdf67-1089-4298-b695-b24107b4ebc5'),
('c61cf726-251f-429e-8c82-7f60487d28b2', '3ed4d43d-6c4e-4fcd-940e-f8054a2f6476'),
('c61cf726-251f-429e-8c82-7f60487d28b2', '466f6e89-3ace-408b-bfe0-c15ab4f8079e'),
('c61cf726-251f-429e-8c82-7f60487d28b2', '5cfaa90a-6853-437f-96ac-42122826ac7a'),
('c61cf726-251f-429e-8c82-7f60487d28b2', '6d3a4d43-06ea-478e-9a19-e2a8ea1dd28d'),
('c61cf726-251f-429e-8c82-7f60487d28b2', '6dd93562-a751-4a93-b679-2786c07d6503'),
('c61cf726-251f-429e-8c82-7f60487d28b2', '9c48af2a-4524-4942-acc8-696744126593'),
('c61cf726-251f-429e-8c82-7f60487d28b2', 'ca99a63b-3a21-4e1a-8e2d-a6b09b487811'),
('c61cf726-251f-429e-8c82-7f60487d28b2', 'dbcfa78d-d04c-4f6e-b835-561dd7f274d6'),
('c7880d06-6997-4e5b-8dbc-d5a42566a18b', '014ac386-5310-401c-a8e1-65a0eb424719'),
('c7880d06-6997-4e5b-8dbc-d5a42566a18b', '14888037-ed3e-49a9-8ab6-bb1733c4da96'),
('c7880d06-6997-4e5b-8dbc-d5a42566a18b', '2bf68bdf-930f-4bb0-afa3-76975849faa5'),
('c7880d06-6997-4e5b-8dbc-d5a42566a18b', '32937a83-b1a1-4ce5-a4e7-727177f53a0c'),
('c7880d06-6997-4e5b-8dbc-d5a42566a18b', '392c221a-69eb-4e4c-b5d2-b34f878b922c'),
('c7880d06-6997-4e5b-8dbc-d5a42566a18b', '3b0bdf67-1089-4298-b695-b24107b4ebc5'),
('c7880d06-6997-4e5b-8dbc-d5a42566a18b', '5cfaa90a-6853-437f-96ac-42122826ac7a'),
('c7880d06-6997-4e5b-8dbc-d5a42566a18b', '62c688a1-5a33-450f-ad8b-608f91becea5'),
('c7880d06-6997-4e5b-8dbc-d5a42566a18b', '6d3a4d43-06ea-478e-9a19-e2a8ea1dd28d'),
('c7880d06-6997-4e5b-8dbc-d5a42566a18b', '9c48af2a-4524-4942-acc8-696744126593'),
('c7880d06-6997-4e5b-8dbc-d5a42566a18b', 'ca99a63b-3a21-4e1a-8e2d-a6b09b487811'),
('ca0cc319-53e0-42cf-aff4-a9c9bf39920e', '014ac386-5310-401c-a8e1-65a0eb424719'),
('ca0cc319-53e0-42cf-aff4-a9c9bf39920e', '14888037-ed3e-49a9-8ab6-bb1733c4da96'),
('ca0cc319-53e0-42cf-aff4-a9c9bf39920e', '2bf68bdf-930f-4bb0-afa3-76975849faa5'),
('ca0cc319-53e0-42cf-aff4-a9c9bf39920e', '392c221a-69eb-4e4c-b5d2-b34f878b922c'),
('ca0cc319-53e0-42cf-aff4-a9c9bf39920e', '3ed4d43d-6c4e-4fcd-940e-f8054a2f6476'),
('ca0cc319-53e0-42cf-aff4-a9c9bf39920e', '466f6e89-3ace-408b-bfe0-c15ab4f8079e'),
('ca0cc319-53e0-42cf-aff4-a9c9bf39920e', '5cfaa90a-6853-437f-96ac-42122826ac7a'),
('ca0cc319-53e0-42cf-aff4-a9c9bf39920e', '62c688a1-5a33-450f-ad8b-608f91becea5'),
('ca0cc319-53e0-42cf-aff4-a9c9bf39920e', '6d3a4d43-06ea-478e-9a19-e2a8ea1dd28d'),
('ca0cc319-53e0-42cf-aff4-a9c9bf39920e', '6dd93562-a751-4a93-b679-2786c07d6503'),
('ca0cc319-53e0-42cf-aff4-a9c9bf39920e', '9c48af2a-4524-4942-acc8-696744126593'),
('ca0cc319-53e0-42cf-aff4-a9c9bf39920e', 'ca99a63b-3a21-4e1a-8e2d-a6b09b487811'),
('ca0cc319-53e0-42cf-aff4-a9c9bf39920e', 'dbcfa78d-d04c-4f6e-b835-561dd7f274d6'),
('cabc43e9-4d64-40d7-8ed5-8bbb4cc2cba0', '014ac386-5310-401c-a8e1-65a0eb424719'),
('cabc43e9-4d64-40d7-8ed5-8bbb4cc2cba0', '2bf68bdf-930f-4bb0-afa3-76975849faa5'),
('cabc43e9-4d64-40d7-8ed5-8bbb4cc2cba0', '32937a83-b1a1-4ce5-a4e7-727177f53a0c'),
('cabc43e9-4d64-40d7-8ed5-8bbb4cc2cba0', '392c221a-69eb-4e4c-b5d2-b34f878b922c'),
('cabc43e9-4d64-40d7-8ed5-8bbb4cc2cba0', '3b0bdf67-1089-4298-b695-b24107b4ebc5'),
('cabc43e9-4d64-40d7-8ed5-8bbb4cc2cba0', '3ed4d43d-6c4e-4fcd-940e-f8054a2f6476'),
('cabc43e9-4d64-40d7-8ed5-8bbb4cc2cba0', '5cfaa90a-6853-437f-96ac-42122826ac7a'),
('cabc43e9-4d64-40d7-8ed5-8bbb4cc2cba0', '62c688a1-5a33-450f-ad8b-608f91becea5'),
('cabc43e9-4d64-40d7-8ed5-8bbb4cc2cba0', '6d3a4d43-06ea-478e-9a19-e2a8ea1dd28d'),
('cabc43e9-4d64-40d7-8ed5-8bbb4cc2cba0', '6dd93562-a751-4a93-b679-2786c07d6503'),
('cabc43e9-4d64-40d7-8ed5-8bbb4cc2cba0', '9c48af2a-4524-4942-acc8-696744126593'),
('cabc43e9-4d64-40d7-8ed5-8bbb4cc2cba0', 'ca99a63b-3a21-4e1a-8e2d-a6b09b487811'),
('cba0d215-7262-4088-ad4a-192ce9658756', '014ac386-5310-401c-a8e1-65a0eb424719'),
('cba0d215-7262-4088-ad4a-192ce9658756', '14888037-ed3e-49a9-8ab6-bb1733c4da96'),
('cba0d215-7262-4088-ad4a-192ce9658756', '2bf68bdf-930f-4bb0-afa3-76975849faa5'),
('cba0d215-7262-4088-ad4a-192ce9658756', '32937a83-b1a1-4ce5-a4e7-727177f53a0c'),
('cba0d215-7262-4088-ad4a-192ce9658756', '392c221a-69eb-4e4c-b5d2-b34f878b922c'),
('cba0d215-7262-4088-ad4a-192ce9658756', '3b0bdf67-1089-4298-b695-b24107b4ebc5'),
('cba0d215-7262-4088-ad4a-192ce9658756', '3ed4d43d-6c4e-4fcd-940e-f8054a2f6476'),
('cba0d215-7262-4088-ad4a-192ce9658756', '5cfaa90a-6853-437f-96ac-42122826ac7a'),
('cba0d215-7262-4088-ad4a-192ce9658756', '62c688a1-5a33-450f-ad8b-608f91becea5'),
('cba0d215-7262-4088-ad4a-192ce9658756', '6d3a4d43-06ea-478e-9a19-e2a8ea1dd28d'),
('cba0d215-7262-4088-ad4a-192ce9658756', '6dd93562-a751-4a93-b679-2786c07d6503'),
('cba0d215-7262-4088-ad4a-192ce9658756', '9c48af2a-4524-4942-acc8-696744126593'),
('cba0d215-7262-4088-ad4a-192ce9658756', 'ca99a63b-3a21-4e1a-8e2d-a6b09b487811'),
('cba0d215-7262-4088-ad4a-192ce9658756', 'dbcfa78d-d04c-4f6e-b835-561dd7f274d6'),
('cc644817-11de-48b2-adca-3023f24259a7', '014ac386-5310-401c-a8e1-65a0eb424719'),
('cc644817-11de-48b2-adca-3023f24259a7', '2bf68bdf-930f-4bb0-afa3-76975849faa5'),
('cc644817-11de-48b2-adca-3023f24259a7', '32937a83-b1a1-4ce5-a4e7-727177f53a0c'),
('cc644817-11de-48b2-adca-3023f24259a7', '392c221a-69eb-4e4c-b5d2-b34f878b922c'),
('cc644817-11de-48b2-adca-3023f24259a7', '3b0bdf67-1089-4298-b695-b24107b4ebc5'),
('cc644817-11de-48b2-adca-3023f24259a7', '3ed4d43d-6c4e-4fcd-940e-f8054a2f6476'),
('cc644817-11de-48b2-adca-3023f24259a7', '466f6e89-3ace-408b-bfe0-c15ab4f8079e'),
('cc644817-11de-48b2-adca-3023f24259a7', '5cfaa90a-6853-437f-96ac-42122826ac7a'),
('cc644817-11de-48b2-adca-3023f24259a7', '62c688a1-5a33-450f-ad8b-608f91becea5'),
('cc644817-11de-48b2-adca-3023f24259a7', '6d3a4d43-06ea-478e-9a19-e2a8ea1dd28d'),
('cc644817-11de-48b2-adca-3023f24259a7', '6dd93562-a751-4a93-b679-2786c07d6503'),
('cc644817-11de-48b2-adca-3023f24259a7', '9c48af2a-4524-4942-acc8-696744126593'),
('cc644817-11de-48b2-adca-3023f24259a7', 'dbcfa78d-d04c-4f6e-b835-561dd7f274d6'),
('cd8d574a-58dc-4cd9-b0f8-2359f463f932', '014ac386-5310-401c-a8e1-65a0eb424719'),
('cd8d574a-58dc-4cd9-b0f8-2359f463f932', '2bf68bdf-930f-4bb0-afa3-76975849faa5'),
('cd8d574a-58dc-4cd9-b0f8-2359f463f932', '32937a83-b1a1-4ce5-a4e7-727177f53a0c'),
('cd8d574a-58dc-4cd9-b0f8-2359f463f932', '392c221a-69eb-4e4c-b5d2-b34f878b922c'),
('cd8d574a-58dc-4cd9-b0f8-2359f463f932', '3b0bdf67-1089-4298-b695-b24107b4ebc5'),
('cd8d574a-58dc-4cd9-b0f8-2359f463f932', '3ed4d43d-6c4e-4fcd-940e-f8054a2f6476'),
('cd8d574a-58dc-4cd9-b0f8-2359f463f932', '466f6e89-3ace-408b-bfe0-c15ab4f8079e'),
('cd8d574a-58dc-4cd9-b0f8-2359f463f932', '5cfaa90a-6853-437f-96ac-42122826ac7a'),
('cd8d574a-58dc-4cd9-b0f8-2359f463f932', '62c688a1-5a33-450f-ad8b-608f91becea5'),
('cd8d574a-58dc-4cd9-b0f8-2359f463f932', '6d3a4d43-06ea-478e-9a19-e2a8ea1dd28d'),
('cd8d574a-58dc-4cd9-b0f8-2359f463f932', '6dd93562-a751-4a93-b679-2786c07d6503'),
('cd8d574a-58dc-4cd9-b0f8-2359f463f932', '9c48af2a-4524-4942-acc8-696744126593'),
('cd8d574a-58dc-4cd9-b0f8-2359f463f932', 'dbcfa78d-d04c-4f6e-b835-561dd7f274d6'),
('cfaeb256-cb95-4808-b5bf-c28e6d4eafa2', '014ac386-5310-401c-a8e1-65a0eb424719'),
('cfaeb256-cb95-4808-b5bf-c28e6d4eafa2', '14888037-ed3e-49a9-8ab6-bb1733c4da96'),
('cfaeb256-cb95-4808-b5bf-c28e6d4eafa2', '2bf68bdf-930f-4bb0-afa3-76975849faa5'),
('cfaeb256-cb95-4808-b5bf-c28e6d4eafa2', '32937a83-b1a1-4ce5-a4e7-727177f53a0c'),
('cfaeb256-cb95-4808-b5bf-c28e6d4eafa2', '392c221a-69eb-4e4c-b5d2-b34f878b922c'),
('cfaeb256-cb95-4808-b5bf-c28e6d4eafa2', '3b0bdf67-1089-4298-b695-b24107b4ebc5'),
('cfaeb256-cb95-4808-b5bf-c28e6d4eafa2', '3ed4d43d-6c4e-4fcd-940e-f8054a2f6476'),
('cfaeb256-cb95-4808-b5bf-c28e6d4eafa2', '466f6e89-3ace-408b-bfe0-c15ab4f8079e'),
('cfaeb256-cb95-4808-b5bf-c28e6d4eafa2', '5cfaa90a-6853-437f-96ac-42122826ac7a'),
('cfaeb256-cb95-4808-b5bf-c28e6d4eafa2', '62c688a1-5a33-450f-ad8b-608f91becea5'),
('cfaeb256-cb95-4808-b5bf-c28e6d4eafa2', '6d3a4d43-06ea-478e-9a19-e2a8ea1dd28d'),
('cfaeb256-cb95-4808-b5bf-c28e6d4eafa2', '6dd93562-a751-4a93-b679-2786c07d6503'),
('cfaeb256-cb95-4808-b5bf-c28e6d4eafa2', '9c48af2a-4524-4942-acc8-696744126593'),
('cfaeb256-cb95-4808-b5bf-c28e6d4eafa2', 'ca99a63b-3a21-4e1a-8e2d-a6b09b487811'),
('cfaeb256-cb95-4808-b5bf-c28e6d4eafa2', 'dbcfa78d-d04c-4f6e-b835-561dd7f274d6'),
('d1a0d96f-8769-40c3-85cb-0a7a96ce777c', '014ac386-5310-401c-a8e1-65a0eb424719'),
('d1a0d96f-8769-40c3-85cb-0a7a96ce777c', '14888037-ed3e-49a9-8ab6-bb1733c4da96'),
('d1a0d96f-8769-40c3-85cb-0a7a96ce777c', '2bf68bdf-930f-4bb0-afa3-76975849faa5'),
('d1a0d96f-8769-40c3-85cb-0a7a96ce777c', '32937a83-b1a1-4ce5-a4e7-727177f53a0c'),
('d1a0d96f-8769-40c3-85cb-0a7a96ce777c', '392c221a-69eb-4e4c-b5d2-b34f878b922c'),
('d1a0d96f-8769-40c3-85cb-0a7a96ce777c', '3b0bdf67-1089-4298-b695-b24107b4ebc5'),
('d1a0d96f-8769-40c3-85cb-0a7a96ce777c', '3ed4d43d-6c4e-4fcd-940e-f8054a2f6476'),
('d1a0d96f-8769-40c3-85cb-0a7a96ce777c', '466f6e89-3ace-408b-bfe0-c15ab4f8079e'),
('d1a0d96f-8769-40c3-85cb-0a7a96ce777c', '5cfaa90a-6853-437f-96ac-42122826ac7a'),
('d1a0d96f-8769-40c3-85cb-0a7a96ce777c', '62c688a1-5a33-450f-ad8b-608f91becea5'),
('d1a0d96f-8769-40c3-85cb-0a7a96ce777c', '6d3a4d43-06ea-478e-9a19-e2a8ea1dd28d'),
('d1a0d96f-8769-40c3-85cb-0a7a96ce777c', '6dd93562-a751-4a93-b679-2786c07d6503'),
('d1a0d96f-8769-40c3-85cb-0a7a96ce777c', '9c48af2a-4524-4942-acc8-696744126593'),
('d1a0d96f-8769-40c3-85cb-0a7a96ce777c', 'ca99a63b-3a21-4e1a-8e2d-a6b09b487811'),
('d1a0d96f-8769-40c3-85cb-0a7a96ce777c', 'dbcfa78d-d04c-4f6e-b835-561dd7f274d6'),
('d1d4b726-e2c7-4c44-a709-4ad371934e90', '014ac386-5310-401c-a8e1-65a0eb424719'),
('d1d4b726-e2c7-4c44-a709-4ad371934e90', '14888037-ed3e-49a9-8ab6-bb1733c4da96'),
('d1d4b726-e2c7-4c44-a709-4ad371934e90', '2bf68bdf-930f-4bb0-afa3-76975849faa5'),
('d1d4b726-e2c7-4c44-a709-4ad371934e90', '32937a83-b1a1-4ce5-a4e7-727177f53a0c'),
('d1d4b726-e2c7-4c44-a709-4ad371934e90', '3b0bdf67-1089-4298-b695-b24107b4ebc5'),
('d1d4b726-e2c7-4c44-a709-4ad371934e90', '3ed4d43d-6c4e-4fcd-940e-f8054a2f6476'),
('d1d4b726-e2c7-4c44-a709-4ad371934e90', '466f6e89-3ace-408b-bfe0-c15ab4f8079e'),
('d1d4b726-e2c7-4c44-a709-4ad371934e90', '5cfaa90a-6853-437f-96ac-42122826ac7a'),
('d1d4b726-e2c7-4c44-a709-4ad371934e90', '6d3a4d43-06ea-478e-9a19-e2a8ea1dd28d'),
('d1d4b726-e2c7-4c44-a709-4ad371934e90', '6dd93562-a751-4a93-b679-2786c07d6503'),
('d1d4b726-e2c7-4c44-a709-4ad371934e90', '9c48af2a-4524-4942-acc8-696744126593'),
('d1d4b726-e2c7-4c44-a709-4ad371934e90', 'ca99a63b-3a21-4e1a-8e2d-a6b09b487811'),
('d1d4b726-e2c7-4c44-a709-4ad371934e90', 'dbcfa78d-d04c-4f6e-b835-561dd7f274d6'),
('d9a5865b-e726-4314-8f5f-248b44e1b3fd', '014ac386-5310-401c-a8e1-65a0eb424719'),
('d9a5865b-e726-4314-8f5f-248b44e1b3fd', '14888037-ed3e-49a9-8ab6-bb1733c4da96'),
('d9a5865b-e726-4314-8f5f-248b44e1b3fd', '2bf68bdf-930f-4bb0-afa3-76975849faa5'),
('d9a5865b-e726-4314-8f5f-248b44e1b3fd', '32937a83-b1a1-4ce5-a4e7-727177f53a0c'),
('d9a5865b-e726-4314-8f5f-248b44e1b3fd', '392c221a-69eb-4e4c-b5d2-b34f878b922c'),
('d9a5865b-e726-4314-8f5f-248b44e1b3fd', '3b0bdf67-1089-4298-b695-b24107b4ebc5'),
('d9a5865b-e726-4314-8f5f-248b44e1b3fd', '5cfaa90a-6853-437f-96ac-42122826ac7a'),
('d9a5865b-e726-4314-8f5f-248b44e1b3fd', '62c688a1-5a33-450f-ad8b-608f91becea5'),
('d9a5865b-e726-4314-8f5f-248b44e1b3fd', '6d3a4d43-06ea-478e-9a19-e2a8ea1dd28d'),
('d9a5865b-e726-4314-8f5f-248b44e1b3fd', '6dd93562-a751-4a93-b679-2786c07d6503'),
('d9a5865b-e726-4314-8f5f-248b44e1b3fd', '9c48af2a-4524-4942-acc8-696744126593'),
('d9a5865b-e726-4314-8f5f-248b44e1b3fd', 'ca99a63b-3a21-4e1a-8e2d-a6b09b487811'),
('d9da85d7-9c8a-4451-967b-a53eafd8c9ee', '014ac386-5310-401c-a8e1-65a0eb424719'),
('d9da85d7-9c8a-4451-967b-a53eafd8c9ee', '14888037-ed3e-49a9-8ab6-bb1733c4da96'),
('d9da85d7-9c8a-4451-967b-a53eafd8c9ee', '2bf68bdf-930f-4bb0-afa3-76975849faa5'),
('d9da85d7-9c8a-4451-967b-a53eafd8c9ee', '32937a83-b1a1-4ce5-a4e7-727177f53a0c'),
('d9da85d7-9c8a-4451-967b-a53eafd8c9ee', '392c221a-69eb-4e4c-b5d2-b34f878b922c'),
('d9da85d7-9c8a-4451-967b-a53eafd8c9ee', '3b0bdf67-1089-4298-b695-b24107b4ebc5'),
('d9da85d7-9c8a-4451-967b-a53eafd8c9ee', '3ed4d43d-6c4e-4fcd-940e-f8054a2f6476'),
('d9da85d7-9c8a-4451-967b-a53eafd8c9ee', '466f6e89-3ace-408b-bfe0-c15ab4f8079e'),
('d9da85d7-9c8a-4451-967b-a53eafd8c9ee', '5cfaa90a-6853-437f-96ac-42122826ac7a'),
('d9da85d7-9c8a-4451-967b-a53eafd8c9ee', '62c688a1-5a33-450f-ad8b-608f91becea5'),
('d9da85d7-9c8a-4451-967b-a53eafd8c9ee', '6dd93562-a751-4a93-b679-2786c07d6503'),
('d9da85d7-9c8a-4451-967b-a53eafd8c9ee', '9c48af2a-4524-4942-acc8-696744126593'),
('d9da85d7-9c8a-4451-967b-a53eafd8c9ee', 'dbcfa78d-d04c-4f6e-b835-561dd7f274d6'),
('ded811fa-ba29-4acf-a430-1d12d12cda14', '14888037-ed3e-49a9-8ab6-bb1733c4da96'),
('ded811fa-ba29-4acf-a430-1d12d12cda14', '32937a83-b1a1-4ce5-a4e7-727177f53a0c'),
('ded811fa-ba29-4acf-a430-1d12d12cda14', '392c221a-69eb-4e4c-b5d2-b34f878b922c'),
('ded811fa-ba29-4acf-a430-1d12d12cda14', '3b0bdf67-1089-4298-b695-b24107b4ebc5'),
('ded811fa-ba29-4acf-a430-1d12d12cda14', '3ed4d43d-6c4e-4fcd-940e-f8054a2f6476'),
('ded811fa-ba29-4acf-a430-1d12d12cda14', '5cfaa90a-6853-437f-96ac-42122826ac7a'),
('ded811fa-ba29-4acf-a430-1d12d12cda14', '62c688a1-5a33-450f-ad8b-608f91becea5'),
('ded811fa-ba29-4acf-a430-1d12d12cda14', '6d3a4d43-06ea-478e-9a19-e2a8ea1dd28d'),
('ded811fa-ba29-4acf-a430-1d12d12cda14', '6dd93562-a751-4a93-b679-2786c07d6503'),
('ded811fa-ba29-4acf-a430-1d12d12cda14', '9c48af2a-4524-4942-acc8-696744126593'),
('ded811fa-ba29-4acf-a430-1d12d12cda14', 'ca99a63b-3a21-4e1a-8e2d-a6b09b487811'),
('ded811fa-ba29-4acf-a430-1d12d12cda14', 'dbcfa78d-d04c-4f6e-b835-561dd7f274d6'),
('e0a8f9be-3c07-4bb2-9c4e-c463dffdd36b', '014ac386-5310-401c-a8e1-65a0eb424719'),
('e0a8f9be-3c07-4bb2-9c4e-c463dffdd36b', '32937a83-b1a1-4ce5-a4e7-727177f53a0c'),
('e0a8f9be-3c07-4bb2-9c4e-c463dffdd36b', '392c221a-69eb-4e4c-b5d2-b34f878b922c'),
('e0a8f9be-3c07-4bb2-9c4e-c463dffdd36b', '3b0bdf67-1089-4298-b695-b24107b4ebc5'),
('e0a8f9be-3c07-4bb2-9c4e-c463dffdd36b', '3ed4d43d-6c4e-4fcd-940e-f8054a2f6476'),
('e0a8f9be-3c07-4bb2-9c4e-c463dffdd36b', '466f6e89-3ace-408b-bfe0-c15ab4f8079e'),
('e0a8f9be-3c07-4bb2-9c4e-c463dffdd36b', '5cfaa90a-6853-437f-96ac-42122826ac7a'),
('e0a8f9be-3c07-4bb2-9c4e-c463dffdd36b', '62c688a1-5a33-450f-ad8b-608f91becea5'),
('e0a8f9be-3c07-4bb2-9c4e-c463dffdd36b', '6d3a4d43-06ea-478e-9a19-e2a8ea1dd28d'),
('e0a8f9be-3c07-4bb2-9c4e-c463dffdd36b', '6dd93562-a751-4a93-b679-2786c07d6503'),
('e0a8f9be-3c07-4bb2-9c4e-c463dffdd36b', '9c48af2a-4524-4942-acc8-696744126593'),
('e0a8f9be-3c07-4bb2-9c4e-c463dffdd36b', 'ca99a63b-3a21-4e1a-8e2d-a6b09b487811'),
('e0a8f9be-3c07-4bb2-9c4e-c463dffdd36b', 'dbcfa78d-d04c-4f6e-b835-561dd7f274d6'),
('e0c13885-4c20-4630-9e14-be44e03906cf', '014ac386-5310-401c-a8e1-65a0eb424719'),
('e0c13885-4c20-4630-9e14-be44e03906cf', '2bf68bdf-930f-4bb0-afa3-76975849faa5'),
('e0c13885-4c20-4630-9e14-be44e03906cf', '32937a83-b1a1-4ce5-a4e7-727177f53a0c'),
('e0c13885-4c20-4630-9e14-be44e03906cf', '392c221a-69eb-4e4c-b5d2-b34f878b922c'),
('e0c13885-4c20-4630-9e14-be44e03906cf', '3b0bdf67-1089-4298-b695-b24107b4ebc5'),
('e0c13885-4c20-4630-9e14-be44e03906cf', '3ed4d43d-6c4e-4fcd-940e-f8054a2f6476'),
('e0c13885-4c20-4630-9e14-be44e03906cf', '466f6e89-3ace-408b-bfe0-c15ab4f8079e'),
('e0c13885-4c20-4630-9e14-be44e03906cf', '5cfaa90a-6853-437f-96ac-42122826ac7a'),
('e0c13885-4c20-4630-9e14-be44e03906cf', '62c688a1-5a33-450f-ad8b-608f91becea5'),
('e0c13885-4c20-4630-9e14-be44e03906cf', '6d3a4d43-06ea-478e-9a19-e2a8ea1dd28d'),
('e0c13885-4c20-4630-9e14-be44e03906cf', '6dd93562-a751-4a93-b679-2786c07d6503'),
('e0c13885-4c20-4630-9e14-be44e03906cf', '9c48af2a-4524-4942-acc8-696744126593'),
('e0c13885-4c20-4630-9e14-be44e03906cf', 'dbcfa78d-d04c-4f6e-b835-561dd7f274d6'),
('e4e26ba0-a36e-4373-9f19-b59571637dc1', '014ac386-5310-401c-a8e1-65a0eb424719'),
('e4e26ba0-a36e-4373-9f19-b59571637dc1', '14888037-ed3e-49a9-8ab6-bb1733c4da96'),
('e4e26ba0-a36e-4373-9f19-b59571637dc1', '2bf68bdf-930f-4bb0-afa3-76975849faa5'),
('e4e26ba0-a36e-4373-9f19-b59571637dc1', '32937a83-b1a1-4ce5-a4e7-727177f53a0c'),
('e4e26ba0-a36e-4373-9f19-b59571637dc1', '392c221a-69eb-4e4c-b5d2-b34f878b922c'),
('e4e26ba0-a36e-4373-9f19-b59571637dc1', '3b0bdf67-1089-4298-b695-b24107b4ebc5'),
('e4e26ba0-a36e-4373-9f19-b59571637dc1', '5cfaa90a-6853-437f-96ac-42122826ac7a'),
('e4e26ba0-a36e-4373-9f19-b59571637dc1', '6d3a4d43-06ea-478e-9a19-e2a8ea1dd28d'),
('e4e26ba0-a36e-4373-9f19-b59571637dc1', '6dd93562-a751-4a93-b679-2786c07d6503'),
('e4e26ba0-a36e-4373-9f19-b59571637dc1', '9c48af2a-4524-4942-acc8-696744126593'),
('e4e26ba0-a36e-4373-9f19-b59571637dc1', 'ca99a63b-3a21-4e1a-8e2d-a6b09b487811'),
('e4e26ba0-a36e-4373-9f19-b59571637dc1', 'dbcfa78d-d04c-4f6e-b835-561dd7f274d6'),
('e4f0452a-80b3-4264-9748-640197c75ddf', '014ac386-5310-401c-a8e1-65a0eb424719'),
('e4f0452a-80b3-4264-9748-640197c75ddf', '14888037-ed3e-49a9-8ab6-bb1733c4da96'),
('e4f0452a-80b3-4264-9748-640197c75ddf', '2bf68bdf-930f-4bb0-afa3-76975849faa5'),
('e4f0452a-80b3-4264-9748-640197c75ddf', '32937a83-b1a1-4ce5-a4e7-727177f53a0c'),
('e4f0452a-80b3-4264-9748-640197c75ddf', '392c221a-69eb-4e4c-b5d2-b34f878b922c'),
('e4f0452a-80b3-4264-9748-640197c75ddf', '3b0bdf67-1089-4298-b695-b24107b4ebc5'),
('e4f0452a-80b3-4264-9748-640197c75ddf', '3ed4d43d-6c4e-4fcd-940e-f8054a2f6476'),
('e4f0452a-80b3-4264-9748-640197c75ddf', '466f6e89-3ace-408b-bfe0-c15ab4f8079e'),
('e4f0452a-80b3-4264-9748-640197c75ddf', '5cfaa90a-6853-437f-96ac-42122826ac7a'),
('e4f0452a-80b3-4264-9748-640197c75ddf', '62c688a1-5a33-450f-ad8b-608f91becea5'),
('e4f0452a-80b3-4264-9748-640197c75ddf', '6d3a4d43-06ea-478e-9a19-e2a8ea1dd28d'),
('e4f0452a-80b3-4264-9748-640197c75ddf', '6dd93562-a751-4a93-b679-2786c07d6503'),
('e4f0452a-80b3-4264-9748-640197c75ddf', 'dbcfa78d-d04c-4f6e-b835-561dd7f274d6'),
('e6a78319-0fab-47c8-a5ff-c8d13ec11c4f', '014ac386-5310-401c-a8e1-65a0eb424719'),
('e6a78319-0fab-47c8-a5ff-c8d13ec11c4f', '2bf68bdf-930f-4bb0-afa3-76975849faa5'),
('e6a78319-0fab-47c8-a5ff-c8d13ec11c4f', '32937a83-b1a1-4ce5-a4e7-727177f53a0c'),
('e6a78319-0fab-47c8-a5ff-c8d13ec11c4f', '392c221a-69eb-4e4c-b5d2-b34f878b922c'),
('e6a78319-0fab-47c8-a5ff-c8d13ec11c4f', '3b0bdf67-1089-4298-b695-b24107b4ebc5'),
('e6a78319-0fab-47c8-a5ff-c8d13ec11c4f', '3ed4d43d-6c4e-4fcd-940e-f8054a2f6476'),
('e6a78319-0fab-47c8-a5ff-c8d13ec11c4f', '466f6e89-3ace-408b-bfe0-c15ab4f8079e'),
('e6a78319-0fab-47c8-a5ff-c8d13ec11c4f', '5cfaa90a-6853-437f-96ac-42122826ac7a'),
('e6a78319-0fab-47c8-a5ff-c8d13ec11c4f', '62c688a1-5a33-450f-ad8b-608f91becea5'),
('e6a78319-0fab-47c8-a5ff-c8d13ec11c4f', '6dd93562-a751-4a93-b679-2786c07d6503'),
('e6a78319-0fab-47c8-a5ff-c8d13ec11c4f', '9c48af2a-4524-4942-acc8-696744126593'),
('e6a78319-0fab-47c8-a5ff-c8d13ec11c4f', 'ca99a63b-3a21-4e1a-8e2d-a6b09b487811'),
('e6a78319-0fab-47c8-a5ff-c8d13ec11c4f', 'dbcfa78d-d04c-4f6e-b835-561dd7f274d6'),
('e79f1d75-7d5e-41d0-a47a-d9857dde5a7b', '014ac386-5310-401c-a8e1-65a0eb424719'),
('e79f1d75-7d5e-41d0-a47a-d9857dde5a7b', '2bf68bdf-930f-4bb0-afa3-76975849faa5'),
('e79f1d75-7d5e-41d0-a47a-d9857dde5a7b', '32937a83-b1a1-4ce5-a4e7-727177f53a0c'),
('e79f1d75-7d5e-41d0-a47a-d9857dde5a7b', '392c221a-69eb-4e4c-b5d2-b34f878b922c'),
('e79f1d75-7d5e-41d0-a47a-d9857dde5a7b', '3b0bdf67-1089-4298-b695-b24107b4ebc5'),
('e79f1d75-7d5e-41d0-a47a-d9857dde5a7b', '3ed4d43d-6c4e-4fcd-940e-f8054a2f6476'),
('e79f1d75-7d5e-41d0-a47a-d9857dde5a7b', '466f6e89-3ace-408b-bfe0-c15ab4f8079e'),
('e79f1d75-7d5e-41d0-a47a-d9857dde5a7b', '5cfaa90a-6853-437f-96ac-42122826ac7a'),
('e79f1d75-7d5e-41d0-a47a-d9857dde5a7b', '62c688a1-5a33-450f-ad8b-608f91becea5'),
('e79f1d75-7d5e-41d0-a47a-d9857dde5a7b', '6dd93562-a751-4a93-b679-2786c07d6503'),
('e79f1d75-7d5e-41d0-a47a-d9857dde5a7b', '9c48af2a-4524-4942-acc8-696744126593'),
('e79f1d75-7d5e-41d0-a47a-d9857dde5a7b', 'ca99a63b-3a21-4e1a-8e2d-a6b09b487811'),
('e79f1d75-7d5e-41d0-a47a-d9857dde5a7b', 'dbcfa78d-d04c-4f6e-b835-561dd7f274d6'),
('e9022fbd-b638-4e1d-b398-ef7428808bfa', '014ac386-5310-401c-a8e1-65a0eb424719'),
('e9022fbd-b638-4e1d-b398-ef7428808bfa', '14888037-ed3e-49a9-8ab6-bb1733c4da96'),
('e9022fbd-b638-4e1d-b398-ef7428808bfa', '2bf68bdf-930f-4bb0-afa3-76975849faa5'),
('e9022fbd-b638-4e1d-b398-ef7428808bfa', '32937a83-b1a1-4ce5-a4e7-727177f53a0c'),
('e9022fbd-b638-4e1d-b398-ef7428808bfa', '392c221a-69eb-4e4c-b5d2-b34f878b922c'),
('e9022fbd-b638-4e1d-b398-ef7428808bfa', '466f6e89-3ace-408b-bfe0-c15ab4f8079e'),
('e9022fbd-b638-4e1d-b398-ef7428808bfa', '5cfaa90a-6853-437f-96ac-42122826ac7a'),
('e9022fbd-b638-4e1d-b398-ef7428808bfa', '6d3a4d43-06ea-478e-9a19-e2a8ea1dd28d'),
('e9022fbd-b638-4e1d-b398-ef7428808bfa', '6dd93562-a751-4a93-b679-2786c07d6503'),
('e9022fbd-b638-4e1d-b398-ef7428808bfa', '9c48af2a-4524-4942-acc8-696744126593'),
('e9022fbd-b638-4e1d-b398-ef7428808bfa', 'dbcfa78d-d04c-4f6e-b835-561dd7f274d6'),
('ebf728fe-6de9-4ebb-94bd-c8f052a52949', '014ac386-5310-401c-a8e1-65a0eb424719'),
('ebf728fe-6de9-4ebb-94bd-c8f052a52949', '14888037-ed3e-49a9-8ab6-bb1733c4da96'),
('ebf728fe-6de9-4ebb-94bd-c8f052a52949', '2bf68bdf-930f-4bb0-afa3-76975849faa5'),
('ebf728fe-6de9-4ebb-94bd-c8f052a52949', '32937a83-b1a1-4ce5-a4e7-727177f53a0c'),
('ebf728fe-6de9-4ebb-94bd-c8f052a52949', '392c221a-69eb-4e4c-b5d2-b34f878b922c'),
('ebf728fe-6de9-4ebb-94bd-c8f052a52949', '3ed4d43d-6c4e-4fcd-940e-f8054a2f6476'),
('ebf728fe-6de9-4ebb-94bd-c8f052a52949', '5cfaa90a-6853-437f-96ac-42122826ac7a'),
('ebf728fe-6de9-4ebb-94bd-c8f052a52949', '62c688a1-5a33-450f-ad8b-608f91becea5'),
('ebf728fe-6de9-4ebb-94bd-c8f052a52949', '6d3a4d43-06ea-478e-9a19-e2a8ea1dd28d'),
('ebf728fe-6de9-4ebb-94bd-c8f052a52949', '6dd93562-a751-4a93-b679-2786c07d6503'),
('ebf728fe-6de9-4ebb-94bd-c8f052a52949', 'ca99a63b-3a21-4e1a-8e2d-a6b09b487811'),
('ebf728fe-6de9-4ebb-94bd-c8f052a52949', 'dbcfa78d-d04c-4f6e-b835-561dd7f274d6'),
('f0800c48-0d36-423c-a261-37af5eb303af', '014ac386-5310-401c-a8e1-65a0eb424719'),
('f0800c48-0d36-423c-a261-37af5eb303af', '14888037-ed3e-49a9-8ab6-bb1733c4da96'),
('f0800c48-0d36-423c-a261-37af5eb303af', '2bf68bdf-930f-4bb0-afa3-76975849faa5'),
('f0800c48-0d36-423c-a261-37af5eb303af', '32937a83-b1a1-4ce5-a4e7-727177f53a0c'),
('f0800c48-0d36-423c-a261-37af5eb303af', '392c221a-69eb-4e4c-b5d2-b34f878b922c'),
('f0800c48-0d36-423c-a261-37af5eb303af', '3b0bdf67-1089-4298-b695-b24107b4ebc5'),
('f0800c48-0d36-423c-a261-37af5eb303af', '3ed4d43d-6c4e-4fcd-940e-f8054a2f6476'),
('f0800c48-0d36-423c-a261-37af5eb303af', '466f6e89-3ace-408b-bfe0-c15ab4f8079e'),
('f0800c48-0d36-423c-a261-37af5eb303af', '5cfaa90a-6853-437f-96ac-42122826ac7a'),
('f0800c48-0d36-423c-a261-37af5eb303af', '62c688a1-5a33-450f-ad8b-608f91becea5'),
('f0800c48-0d36-423c-a261-37af5eb303af', '6d3a4d43-06ea-478e-9a19-e2a8ea1dd28d'),
('f0800c48-0d36-423c-a261-37af5eb303af', '6dd93562-a751-4a93-b679-2786c07d6503'),
('f0800c48-0d36-423c-a261-37af5eb303af', '9c48af2a-4524-4942-acc8-696744126593'),
('f0800c48-0d36-423c-a261-37af5eb303af', 'ca99a63b-3a21-4e1a-8e2d-a6b09b487811'),
('f0800c48-0d36-423c-a261-37af5eb303af', 'dbcfa78d-d04c-4f6e-b835-561dd7f274d6'),
('f1e62fd2-a545-4904-a07f-a0786c84ec92', '014ac386-5310-401c-a8e1-65a0eb424719'),
('f1e62fd2-a545-4904-a07f-a0786c84ec92', '14888037-ed3e-49a9-8ab6-bb1733c4da96'),
('f1e62fd2-a545-4904-a07f-a0786c84ec92', '32937a83-b1a1-4ce5-a4e7-727177f53a0c'),
('f1e62fd2-a545-4904-a07f-a0786c84ec92', '392c221a-69eb-4e4c-b5d2-b34f878b922c'),
('f1e62fd2-a545-4904-a07f-a0786c84ec92', '3ed4d43d-6c4e-4fcd-940e-f8054a2f6476'),
('f1e62fd2-a545-4904-a07f-a0786c84ec92', '5cfaa90a-6853-437f-96ac-42122826ac7a'),
('f1e62fd2-a545-4904-a07f-a0786c84ec92', '62c688a1-5a33-450f-ad8b-608f91becea5'),
('f1e62fd2-a545-4904-a07f-a0786c84ec92', '6d3a4d43-06ea-478e-9a19-e2a8ea1dd28d'),
('f1e62fd2-a545-4904-a07f-a0786c84ec92', '6dd93562-a751-4a93-b679-2786c07d6503'),
('f1e62fd2-a545-4904-a07f-a0786c84ec92', '9c48af2a-4524-4942-acc8-696744126593'),
('f1e62fd2-a545-4904-a07f-a0786c84ec92', 'ca99a63b-3a21-4e1a-8e2d-a6b09b487811'),
('f1e62fd2-a545-4904-a07f-a0786c84ec92', 'dbcfa78d-d04c-4f6e-b835-561dd7f274d6'),
('f1f21e30-904f-4bdc-b5de-7c9d9b7d9990', '014ac386-5310-401c-a8e1-65a0eb424719'),
('f1f21e30-904f-4bdc-b5de-7c9d9b7d9990', '14888037-ed3e-49a9-8ab6-bb1733c4da96'),
('f1f21e30-904f-4bdc-b5de-7c9d9b7d9990', '2bf68bdf-930f-4bb0-afa3-76975849faa5'),
('f1f21e30-904f-4bdc-b5de-7c9d9b7d9990', '32937a83-b1a1-4ce5-a4e7-727177f53a0c'),
('f1f21e30-904f-4bdc-b5de-7c9d9b7d9990', '392c221a-69eb-4e4c-b5d2-b34f878b922c'),
('f1f21e30-904f-4bdc-b5de-7c9d9b7d9990', '3b0bdf67-1089-4298-b695-b24107b4ebc5'),
('f1f21e30-904f-4bdc-b5de-7c9d9b7d9990', '3ed4d43d-6c4e-4fcd-940e-f8054a2f6476'),
('f1f21e30-904f-4bdc-b5de-7c9d9b7d9990', '466f6e89-3ace-408b-bfe0-c15ab4f8079e'),
('f1f21e30-904f-4bdc-b5de-7c9d9b7d9990', '5cfaa90a-6853-437f-96ac-42122826ac7a'),
('f1f21e30-904f-4bdc-b5de-7c9d9b7d9990', '62c688a1-5a33-450f-ad8b-608f91becea5'),
('f1f21e30-904f-4bdc-b5de-7c9d9b7d9990', '6d3a4d43-06ea-478e-9a19-e2a8ea1dd28d'),
('f1f21e30-904f-4bdc-b5de-7c9d9b7d9990', '6dd93562-a751-4a93-b679-2786c07d6503'),
('f1f21e30-904f-4bdc-b5de-7c9d9b7d9990', '9c48af2a-4524-4942-acc8-696744126593'),
('f1f21e30-904f-4bdc-b5de-7c9d9b7d9990', 'ca99a63b-3a21-4e1a-8e2d-a6b09b487811'),
('f1f21e30-904f-4bdc-b5de-7c9d9b7d9990', 'dbcfa78d-d04c-4f6e-b835-561dd7f274d6'),
('f5b27ad8-385d-440f-bc02-cd8b2ab8ec71', '014ac386-5310-401c-a8e1-65a0eb424719'),
('f5b27ad8-385d-440f-bc02-cd8b2ab8ec71', '14888037-ed3e-49a9-8ab6-bb1733c4da96'),
('f5b27ad8-385d-440f-bc02-cd8b2ab8ec71', '2bf68bdf-930f-4bb0-afa3-76975849faa5'),
('f5b27ad8-385d-440f-bc02-cd8b2ab8ec71', '392c221a-69eb-4e4c-b5d2-b34f878b922c'),
('f5b27ad8-385d-440f-bc02-cd8b2ab8ec71', '3b0bdf67-1089-4298-b695-b24107b4ebc5'),
('f5b27ad8-385d-440f-bc02-cd8b2ab8ec71', '3ed4d43d-6c4e-4fcd-940e-f8054a2f6476'),
('f5b27ad8-385d-440f-bc02-cd8b2ab8ec71', '466f6e89-3ace-408b-bfe0-c15ab4f8079e'),
('f5b27ad8-385d-440f-bc02-cd8b2ab8ec71', '5cfaa90a-6853-437f-96ac-42122826ac7a'),
('f5b27ad8-385d-440f-bc02-cd8b2ab8ec71', '6d3a4d43-06ea-478e-9a19-e2a8ea1dd28d'),
('f5b27ad8-385d-440f-bc02-cd8b2ab8ec71', '6dd93562-a751-4a93-b679-2786c07d6503'),
('f5b27ad8-385d-440f-bc02-cd8b2ab8ec71', '9c48af2a-4524-4942-acc8-696744126593'),
('f5b27ad8-385d-440f-bc02-cd8b2ab8ec71', 'ca99a63b-3a21-4e1a-8e2d-a6b09b487811'),
('f5b27ad8-385d-440f-bc02-cd8b2ab8ec71', 'dbcfa78d-d04c-4f6e-b835-561dd7f274d6'),
('f8958747-6add-412d-9dba-0de60fa66e3e', '014ac386-5310-401c-a8e1-65a0eb424719'),
('f8958747-6add-412d-9dba-0de60fa66e3e', '14888037-ed3e-49a9-8ab6-bb1733c4da96'),
('f8958747-6add-412d-9dba-0de60fa66e3e', '32937a83-b1a1-4ce5-a4e7-727177f53a0c'),
('f8958747-6add-412d-9dba-0de60fa66e3e', '392c221a-69eb-4e4c-b5d2-b34f878b922c'),
('f8958747-6add-412d-9dba-0de60fa66e3e', '3b0bdf67-1089-4298-b695-b24107b4ebc5'),
('f8958747-6add-412d-9dba-0de60fa66e3e', '3ed4d43d-6c4e-4fcd-940e-f8054a2f6476'),
('f8958747-6add-412d-9dba-0de60fa66e3e', '466f6e89-3ace-408b-bfe0-c15ab4f8079e'),
('f8958747-6add-412d-9dba-0de60fa66e3e', '5cfaa90a-6853-437f-96ac-42122826ac7a'),
('f8958747-6add-412d-9dba-0de60fa66e3e', '6d3a4d43-06ea-478e-9a19-e2a8ea1dd28d'),
('f8958747-6add-412d-9dba-0de60fa66e3e', '6dd93562-a751-4a93-b679-2786c07d6503'),
('f8958747-6add-412d-9dba-0de60fa66e3e', '9c48af2a-4524-4942-acc8-696744126593'),
('f8958747-6add-412d-9dba-0de60fa66e3e', 'ca99a63b-3a21-4e1a-8e2d-a6b09b487811'),
('fc0ed3ef-efc6-4a31-b9c0-f62f7c73079c', '14888037-ed3e-49a9-8ab6-bb1733c4da96'),
('fc0ed3ef-efc6-4a31-b9c0-f62f7c73079c', '2bf68bdf-930f-4bb0-afa3-76975849faa5'),
('fc0ed3ef-efc6-4a31-b9c0-f62f7c73079c', '392c221a-69eb-4e4c-b5d2-b34f878b922c'),
('fc0ed3ef-efc6-4a31-b9c0-f62f7c73079c', '3b0bdf67-1089-4298-b695-b24107b4ebc5'),
('fc0ed3ef-efc6-4a31-b9c0-f62f7c73079c', '3ed4d43d-6c4e-4fcd-940e-f8054a2f6476'),
('fc0ed3ef-efc6-4a31-b9c0-f62f7c73079c', '466f6e89-3ace-408b-bfe0-c15ab4f8079e'),
('fc0ed3ef-efc6-4a31-b9c0-f62f7c73079c', '5cfaa90a-6853-437f-96ac-42122826ac7a'),
('fc0ed3ef-efc6-4a31-b9c0-f62f7c73079c', '62c688a1-5a33-450f-ad8b-608f91becea5'),
('fc0ed3ef-efc6-4a31-b9c0-f62f7c73079c', '6d3a4d43-06ea-478e-9a19-e2a8ea1dd28d'),
('fc0ed3ef-efc6-4a31-b9c0-f62f7c73079c', '6dd93562-a751-4a93-b679-2786c07d6503'),
('fc0ed3ef-efc6-4a31-b9c0-f62f7c73079c', '9c48af2a-4524-4942-acc8-696744126593'),
('fc0ed3ef-efc6-4a31-b9c0-f62f7c73079c', 'ca99a63b-3a21-4e1a-8e2d-a6b09b487811'),
('fc0ed3ef-efc6-4a31-b9c0-f62f7c73079c', 'dbcfa78d-d04c-4f6e-b835-561dd7f274d6'),
('fd3d62b7-b3fd-4280-8d28-dfd348521ddd', '014ac386-5310-401c-a8e1-65a0eb424719'),
('fd3d62b7-b3fd-4280-8d28-dfd348521ddd', '2bf68bdf-930f-4bb0-afa3-76975849faa5'),
('fd3d62b7-b3fd-4280-8d28-dfd348521ddd', '32937a83-b1a1-4ce5-a4e7-727177f53a0c'),
('fd3d62b7-b3fd-4280-8d28-dfd348521ddd', '3ed4d43d-6c4e-4fcd-940e-f8054a2f6476'),
('fd3d62b7-b3fd-4280-8d28-dfd348521ddd', '466f6e89-3ace-408b-bfe0-c15ab4f8079e'),
('fd3d62b7-b3fd-4280-8d28-dfd348521ddd', '5cfaa90a-6853-437f-96ac-42122826ac7a'),
('fd3d62b7-b3fd-4280-8d28-dfd348521ddd', '62c688a1-5a33-450f-ad8b-608f91becea5'),
('fd3d62b7-b3fd-4280-8d28-dfd348521ddd', '6d3a4d43-06ea-478e-9a19-e2a8ea1dd28d'),
('fd3d62b7-b3fd-4280-8d28-dfd348521ddd', '6dd93562-a751-4a93-b679-2786c07d6503'),
('fd3d62b7-b3fd-4280-8d28-dfd348521ddd', '9c48af2a-4524-4942-acc8-696744126593'),
('fd3d62b7-b3fd-4280-8d28-dfd348521ddd', 'ca99a63b-3a21-4e1a-8e2d-a6b09b487811'),
('fd3d62b7-b3fd-4280-8d28-dfd348521ddd', 'dbcfa78d-d04c-4f6e-b835-561dd7f274d6');

INSERT INTO `players` (`id`, `first_name`, `last_name`, `number`, `team_id`) VALUES
('0034fc6c-09d1-44d1-8c03-482f55d00b52', 'Eagle', 'Cold', 5, 'b66e43d5-527e-4ca3-96bf-2fad74747106');
INSERT INTO `players` (`id`, `first_name`, `last_name`, `number`, `team_id`) VALUES
('01009adf-a8bb-4572-836b-33f738763190', 'Cold', 'Melted', 8, 'a89b7a39-45d1-4c10-95db-62c4276c5a75');
INSERT INTO `players` (`id`, `first_name`, `last_name`, `number`, `team_id`) VALUES
('0a6e6286-970f-4968-bc54-6686d0fa6154', 'Bloxxer', 'Dead', 6, 'e727fc3b-edd1-4a61-b7b5-35976aa1ae2b');
INSERT INTO `players` (`id`, `first_name`, `last_name`, `number`, `team_id`) VALUES
('0cc6d921-ba6b-4c94-b3cf-c29db40ad978', 'Vortex', 'Janitor', 2, 'e727fc3b-edd1-4a61-b7b5-35976aa1ae2b'),
('0d53f37c-dea3-4ba9-a114-24005fcd7ac0', 'Sad', 'Multi', 4, '43b1650a-4491-415e-a1f2-0290fde0c5af'),
('193d96cf-4216-4054-9b34-71b07972f63f', 'Sarge', 'Blue', 1, 'd308296f-a7cb-4c0e-b885-ac720b7e3921'),
('1a1f1144-d9a7-4d80-8009-65f0b5661bb3', 'Break', 'Uno', 9, 'b66e43d5-527e-4ca3-96bf-2fad74747106'),
('212d4df6-be87-4e9f-a681-4f5a56b0debd', 'Colt', 'Rest', 8, 'c21ac27d-f583-4eb2-8478-d111615c01b8'),
('213d6549-df8b-40db-a0c2-e2011b06d156', 'Bandit', 'Smasher', 0, 'd2d7e8c9-d16d-4ab9-848a-2d12cf106ad9'),
('21b85793-f64f-476c-bca2-e5d5668f2a19', 'Sad', 'Punch', 4, 'bc718688-23d3-4051-a6b5-2ed39c23794c'),
('237b10c8-b21b-41fe-a1ff-16a3d0ac935e', 'Script', 'Game', 5, 'b66e43d5-527e-4ca3-96bf-2fad74747106'),
('243a431e-d53d-4e61-b08d-91f9a1a7b1ca', 'Honest', 'Cold', 0, 'a89b7a39-45d1-4c10-95db-62c4276c5a75'),
('24684444-7451-44e0-b260-aec2cf1cba4b', 'Duke', 'Wrench', 8, 'fceb24c5-0ff9-4b54-a279-0486461c8d2c'),
('28d848a4-a202-47e9-89c3-40c97c9a3a77', 'Short', 'Melted', 1, '7ae42420-e772-4916-a928-b37f0d3894eb'),
('292c931f-50f7-4f75-9101-c84f3e6d407d', 'Hawk', 'Seal', 10, 'd831875b-4fc1-405c-97d3-65bbfd3068bb'),
('304b8930-fb85-4a77-97d5-e020a04737eb', 'Colt', 'Power', 0, 'd308296f-a7cb-4c0e-b885-ac720b7e3921'),
('3585e3c3-9f3c-482c-bef9-7d71eadc4c11', 'Rend', 'Morrow', 7, '92d70c4b-7c7c-4719-92d1-0a063edd9507'),
('3800a8f4-c41b-4d46-bd01-43c3aab37117', 'Breaker', 'Glow', 7, '40d22fea-2db2-4e9d-94af-f4aec33824b7'),
('3bd92852-394e-45b1-8013-e84cb40ee033', 'Rotten', 'Fell', 5, 'ab65d6ce-a909-43b9-81cb-21c7f9f83ce0'),
('3de96d88-c161-4626-ad37-8584e74a8175', 'Head', 'Break', 3, '40d22fea-2db2-4e9d-94af-f4aec33824b7'),
('3f66f1d2-f1df-4b54-b445-7d3b7ef8d62b', 'Melt', 'Two', 9, '38d0e602-d940-46ca-92e2-142c43d349e9'),
('411851e2-28a0-4286-ade1-305bf705a4de', 'Hurdle', 'Morrow', 1, 'ea6ed370-c1ea-4291-bdae-a2648d219e93'),
('4314fe93-ff72-4865-8de5-fec059607ddc', 'Worst', 'Enemy', 4, 'd308296f-a7cb-4c0e-b885-ac720b7e3921'),
('48337a43-eeee-4e98-a369-5ee51852564e', 'Desert', 'Big', 0, 'bc718688-23d3-4051-a6b5-2ed39c23794c'),
('49d8b123-8e02-46cc-8fc9-b9db4bcb6c23', 'Destiny', 'Cool', 6, '43b1650a-4491-415e-a1f2-0290fde0c5af'),
('4b8c7f69-afd8-484f-8d9b-0107817c704b', 'Blue', 'Game', 5, '68caf186-0798-4db6-9ec8-3b7ac7ade9b0'),
('4bcc0cd0-362b-4d89-ae29-ba94ec922155', 'Zombie', 'Eraser', 6, 'd831875b-4fc1-405c-97d3-65bbfd3068bb'),
('5707cc4e-1155-4d36-aec9-7642f5d446b8', 'Sarge', 'Dead', 6, 'e727fc3b-edd1-4a61-b7b5-35976aa1ae2b'),
('586f10af-55d4-4eae-8573-af8e9cea84c9', 'Blue', 'Memory', 3, '7753194a-d9df-4674-a4d4-eece72d47774'),
('587554a2-7dba-46e6-a87d-e5671cbbbf75', 'Grand', 'Mule', 4, '390d9347-2a6f-45f2-8596-841c4ff0daff'),
('597533b7-eff5-4775-be2a-4f1c07101d58', 'Eagle', 'Mountain', 10, 'd2d7e8c9-d16d-4ab9-848a-2d12cf106ad9'),
('5a2f8db2-7ab8-4fc7-8153-2dd7d31a5199', 'Melted', 'Hawk', 6, 'fe155caf-5432-485d-9589-2dfc11b86a1f'),
('5c33fc8c-ba18-45dc-95ce-57be3a6b3ec5', 'Sickly', 'Duke', 0, '5014d752-8588-43a2-b339-089b6f71fcaa'),
('5d46782c-f202-4776-bd5f-a25a9037edfd', 'Fly', 'Monkey', 6, '1979dbdd-9bef-4e55-8d44-1518aad2660a'),
('5ebe3aa8-69ee-4bf6-860d-85e4cf9b8d02', 'Melt', 'Rend', 9, '070c5f30-97de-4d9b-b27b-220f61357e02'),
('658f2f48-affa-4c16-b9b0-17267fc7f96d', 'Deceit', 'Circle', 4, '3907b32d-6b05-44da-ae4e-933afe788d7c'),
('67429205-d819-44ff-996e-336927806e78', 'Time', 'Ice', 10, 'edcc1093-3026-44cb-827d-d6c0aa92a5d2'),
('6b8dfef2-52e7-492b-9c52-9b171d29659c', 'Hawker', 'Open', 7, 'b9b97699-5fec-473f-9b05-d2a5fc333320'),
('6bc42746-706e-45c8-b804-acacd59c4b9e', 'Sickly', 'Rest', 0, 'b9b97699-5fec-473f-9b05-d2a5fc333320'),
('6c395734-c906-4d65-9dce-c352258c0f7e', 'Kitty', 'Morrow', 7, '49ea6de7-5401-4cf1-8fac-d9d022cfa38e'),
('6ca439fb-f695-44d3-a931-6268b8979777', 'Worst', 'Sandwich', 4, 'd308296f-a7cb-4c0e-b885-ac720b7e3921'),
('77e8a033-ce14-488c-aa98-5142e7efc905', 'Colt', 'Force', 1, 'd831875b-4fc1-405c-97d3-65bbfd3068bb'),
('7b50f753-93a4-41da-abc1-e45a9bd94a3d', 'Girl', 'Squid', 2, '5014d752-8588-43a2-b339-089b6f71fcaa'),
('7cc38f3e-157b-4aa5-b30e-2561cab936c5', 'Jump', 'Blue', 0, '4cfe835b-e194-410a-a1b0-66425ce7e73e'),
('7cf4a3c4-816a-48a5-8e7b-7bf7a6d9364c', 'Flying', 'Jump', 1, '390d9347-2a6f-45f2-8596-841c4ff0daff'),
('7e4b4cde-fa64-4505-b14c-ccb4e1b0c357', 'Numb', 'Two', 3, '5014d752-8588-43a2-b339-089b6f71fcaa'),
('7e777d67-3006-49e1-bc6a-b33c20866f6c', 'Open', 'Hound', 5, '637026e6-9440-4db4-a364-a0929307d74e'),
('7ed8bb73-fa0d-4a73-a55b-390a45c8c80b', 'Theme', 'Sarge', 2, '43b1650a-4491-415e-a1f2-0290fde0c5af'),
('869ab018-e98f-49f9-af67-51b12e4e0620', 'Dev', 'Money', 3, '3bc66785-b143-46e5-9148-c68eb5292812'),
('88406873-9318-4e4d-8680-f88ed434d999', 'Open', 'Slice', 9, '92d70c4b-7c7c-4719-92d1-0a063edd9507'),
('894eff72-f298-40e3-9d79-a9c1e35348c6', 'Demon', 'Racer', 7, 'b100f1f3-2866-4e68-b4fa-df73b3dde4e2'),
('8d44c816-79bb-4d90-8c73-48c28188dca5', 'Paradox', 'Hawk', 6, '13635a02-dde5-413f-b400-1c3be0434456'),
('92387ca8-9354-40f5-8af9-edc35c5d47dc', 'Money', 'Red', 7, 'b66e43d5-527e-4ca3-96bf-2fad74747106'),
('954762c6-061f-4199-9ca7-73696bf01d3d', 'Deep', 'Desert', 5, '7753194a-d9df-4674-a4d4-eece72d47774'),
('957e157f-46ad-4f8b-aee0-ee1a5cd20775', 'Eagle', 'Deep', 6, 'fbd331e7-0524-4147-8ef3-d713c7ce5493'),
('99dbaeb9-6d11-457d-990a-43960555042d', 'Theme', 'Girl', 5, '7753194a-d9df-4674-a4d4-eece72d47774'),
('9dc4e5f6-ba35-45e1-8841-de0d4dd2bfd0', 'Destiny', 'Sick', 9, '3907b32d-6b05-44da-ae4e-933afe788d7c'),
('9ecf81a3-35e1-4ce7-a123-ae8db727a6c1', 'Wrench', 'Broken', 7, '68caf186-0798-4db6-9ec8-3b7ac7ade9b0'),
('aa81156d-757e-421d-98fa-ee4a180c774e', 'Force', 'Happy', 8, '1979dbdd-9bef-4e55-8d44-1518aad2660a'),
('ab879f3c-9130-4145-b991-16af3887029b', 'Crimson', 'Spaz', 7, '637026e6-9440-4db4-a364-a0929307d74e'),
('ad2ec313-cab3-4898-a5ca-0715578df7d6', 'Desert', 'Close', 9, 'fbd331e7-0524-4147-8ef3-d713c7ce5493'),
('b37648bc-fb4d-4d66-a4ca-6181b9e6b945', 'Sad', 'Memory', 6, '1979dbdd-9bef-4e55-8d44-1518aad2660a'),
('b38ae056-f67b-4fc4-a848-df705f8039f0', 'Joyful', 'Trooper', 1, '5f203154-a922-4dbf-b223-d5aedab99beb'),
('b67ba024-f3eb-459d-af0a-84b0c77b5b48', 'Future', 'Slash', 8, 'dac4a240-b3a8-4396-9a08-476596fbb879'),
('b7873e92-3719-4306-88e1-544d07756351', 'Death', 'Cool', 3, '68caf186-0798-4db6-9ec8-3b7ac7ade9b0'),
('b7f2324b-bd5b-4cc5-81d6-885e0ecaaf2d', 'Magnum', 'Multi', 0, '38d0e602-d940-46ca-92e2-142c43d349e9'),
('b9008ab5-13b4-4eec-a7bb-f32bec274a5e', 'Janitor', 'Circle', 9, 'c4642158-b842-4e7c-bb8a-c4198669d903'),
('bdf497e1-2696-4f85-90f7-20884f84e312', 'King', 'Tall', 1, 'fbd331e7-0524-4147-8ef3-d713c7ce5493'),
('be4fc8dd-4ac9-4879-96fa-4182b78b7703', 'Trapper', 'Redeem', 7, 'bda6d811-d3fd-4e64-8c9c-1e25767b794a'),
('c2d90615-e815-4648-8f94-c53b3273d72e', 'Future', 'Walker', 7, 'd831875b-4fc1-405c-97d3-65bbfd3068bb'),
('c4747654-a0ae-407c-9ae4-718cedc385c5', 'Power', 'Past', 9, '454a3bb8-8e29-4f6b-b120-ea967041acc0'),
('c48a165b-51ca-4f89-8cab-65fed8025134', 'Broken', 'Theme', 6, 'fceb24c5-0ff9-4b54-a279-0486461c8d2c'),
('c61cf726-251f-429e-8c82-7f60487d28b2', 'Joyful', 'Boy', 4, 'fe155caf-5432-485d-9589-2dfc11b86a1f'),
('c7880d06-6997-4e5b-8dbc-d5a42566a18b', 'Dev', 'Captain', 10, 'd56e7726-2d58-404e-8e8e-c7132d8ec672'),
('ca0cc319-53e0-42cf-aff4-a9c9bf39920e', 'Destined', 'Sarge', 7, '9268850b-bc00-49f1-8216-57470cd1ea2e'),
('cabc43e9-4d64-40d7-8ed5-8bbb4cc2cba0', 'Deep', 'Ultimate', 1, 'edcc1093-3026-44cb-827d-d6c0aa92a5d2'),
('cba0d215-7262-4088-ad4a-192ce9658756', 'Germ', 'Assault', 8, 'c4642158-b842-4e7c-bb8a-c4198669d903'),
('cc644817-11de-48b2-adca-3023f24259a7', 'Death', 'Trapper', 6, '1979dbdd-9bef-4e55-8d44-1518aad2660a'),
('cd8d574a-58dc-4cd9-b0f8-2359f463f932', 'Grand', 'Kitten', 1, '1979dbdd-9bef-4e55-8d44-1518aad2660a'),
('cfaeb256-cb95-4808-b5bf-c28e6d4eafa2', 'Kitty', 'Deceit', 7, '5014d752-8588-43a2-b339-089b6f71fcaa'),
('d1a0d96f-8769-40c3-85cb-0a7a96ce777c', 'Falling', 'Sharp', 0, '13635a02-dde5-413f-b400-1c3be0434456'),
('d1d4b726-e2c7-4c44-a709-4ad371934e90', 'Echo', 'Script', 3, '96150fd6-8d73-447a-8d8d-acdffe23a85d'),
('d9a5865b-e726-4314-8f5f-248b44e1b3fd', 'Rotten', 'Cat', 9, 'd56e7726-2d58-404e-8e8e-c7132d8ec672'),
('d9da85d7-9c8a-4451-967b-a53eafd8c9ee', 'Rotten', 'Two', 5, 'bda6d811-d3fd-4e64-8c9c-1e25767b794a'),
('ded811fa-ba29-4acf-a430-1d12d12cda14', 'Zero', 'Tall', 2, '3f0504e9-8547-4cab-b8cf-6278551250af'),
('e0a8f9be-3c07-4bb2-9c4e-c463dffdd36b', 'Colt', 'Numb', 0, '37f87e63-1ffa-4724-b1c9-61839a0b5a62'),
('e0c13885-4c20-4630-9e14-be44e03906cf', 'Bubba', 'Trapper', 0, '1979dbdd-9bef-4e55-8d44-1518aad2660a'),
('e4e26ba0-a36e-4373-9f19-b59571637dc1', 'Open', 'Morrow', 6, 'dac4a240-b3a8-4396-9a08-476596fbb879'),
('e4f0452a-80b3-4264-9748-640197c75ddf', 'Gold', 'Kitty', 9, 'fb2cb61f-df23-4668-b338-c587f924ce00'),
('e6a78319-0fab-47c8-a5ff-c8d13ec11c4f', 'Mew', 'Big', 5, 'a89b7a39-45d1-4c10-95db-62c4276c5a75'),
('e79f1d75-7d5e-41d0-a47a-d9857dde5a7b', 'Sith', 'Panda', 4, 'a89b7a39-45d1-4c10-95db-62c4276c5a75'),
('e9022fbd-b638-4e1d-b398-ef7428808bfa', 'Trooper', 'Donkey', 10, '7df26fae-5cc6-4424-8d8d-5847a28e635d'),
('ebf728fe-6de9-4ebb-94bd-c8f052a52949', 'Elevator', 'Bandit', 7, 'ab65d6ce-a909-43b9-81cb-21c7f9f83ce0'),
('f0800c48-0d36-423c-a261-37af5eb303af', 'Mine', 'Deep', 3, '454a3bb8-8e29-4f6b-b120-ea967041acc0'),
('f1e62fd2-a545-4904-a07f-a0786c84ec92', 'Donkey', 'Chuckle', 6, 'd2d7e8c9-d16d-4ab9-848a-2d12cf106ad9'),
('f1f21e30-904f-4bdc-b5de-7c9d9b7d9990', 'Dessert', 'Capt', 4, '49ea6de7-5401-4cf1-8fac-d9d022cfa38e'),
('f5b27ad8-385d-440f-bc02-cd8b2ab8ec71', 'Seal', 'Fire', 3, '390d9347-2a6f-45f2-8596-841c4ff0daff'),
('f8958747-6add-412d-9dba-0de60fa66e3e', 'Video', 'Break', 8, '42c81fd8-7213-4d51-8c75-c0df60491f92'),
('fc0ed3ef-efc6-4a31-b9c0-f62f7c73079c', 'Joyful', 'Numb', 1, '13eef08b-e2df-4eed-bfd5-71aae92fb545'),
('fd3d62b7-b3fd-4280-8d28-dfd348521ddd', 'Melting', 'Memory', 7, '3287b4d7-a75b-485f-bf02-65206ce41c12');

INSERT INTO `team_matches` (`match_id`, `team_id`) VALUES
('014ac386-5310-401c-a8e1-65a0eb424719', '070c5f30-97de-4d9b-b27b-220f61357e02');
INSERT INTO `team_matches` (`match_id`, `team_id`) VALUES
('14888037-ed3e-49a9-8ab6-bb1733c4da96', '070c5f30-97de-4d9b-b27b-220f61357e02');
INSERT INTO `team_matches` (`match_id`, `team_id`) VALUES
('2bf68bdf-930f-4bb0-afa3-76975849faa5', '070c5f30-97de-4d9b-b27b-220f61357e02');
INSERT INTO `team_matches` (`match_id`, `team_id`) VALUES
('32937a83-b1a1-4ce5-a4e7-727177f53a0c', '070c5f30-97de-4d9b-b27b-220f61357e02'),
('392c221a-69eb-4e4c-b5d2-b34f878b922c', '070c5f30-97de-4d9b-b27b-220f61357e02'),
('466f6e89-3ace-408b-bfe0-c15ab4f8079e', '070c5f30-97de-4d9b-b27b-220f61357e02'),
('5cfaa90a-6853-437f-96ac-42122826ac7a', '070c5f30-97de-4d9b-b27b-220f61357e02'),
('62c688a1-5a33-450f-ad8b-608f91becea5', '070c5f30-97de-4d9b-b27b-220f61357e02'),
('6d3a4d43-06ea-478e-9a19-e2a8ea1dd28d', '070c5f30-97de-4d9b-b27b-220f61357e02'),
('6dd93562-a751-4a93-b679-2786c07d6503', '070c5f30-97de-4d9b-b27b-220f61357e02'),
('9c48af2a-4524-4942-acc8-696744126593', '070c5f30-97de-4d9b-b27b-220f61357e02'),
('ca99a63b-3a21-4e1a-8e2d-a6b09b487811', '070c5f30-97de-4d9b-b27b-220f61357e02'),
('dbcfa78d-d04c-4f6e-b835-561dd7f274d6', '070c5f30-97de-4d9b-b27b-220f61357e02'),
('014ac386-5310-401c-a8e1-65a0eb424719', '13635a02-dde5-413f-b400-1c3be0434456'),
('14888037-ed3e-49a9-8ab6-bb1733c4da96', '13635a02-dde5-413f-b400-1c3be0434456'),
('2bf68bdf-930f-4bb0-afa3-76975849faa5', '13635a02-dde5-413f-b400-1c3be0434456'),
('32937a83-b1a1-4ce5-a4e7-727177f53a0c', '13635a02-dde5-413f-b400-1c3be0434456'),
('392c221a-69eb-4e4c-b5d2-b34f878b922c', '13635a02-dde5-413f-b400-1c3be0434456'),
('3b0bdf67-1089-4298-b695-b24107b4ebc5', '13635a02-dde5-413f-b400-1c3be0434456'),
('3ed4d43d-6c4e-4fcd-940e-f8054a2f6476', '13635a02-dde5-413f-b400-1c3be0434456'),
('466f6e89-3ace-408b-bfe0-c15ab4f8079e', '13635a02-dde5-413f-b400-1c3be0434456'),
('5cfaa90a-6853-437f-96ac-42122826ac7a', '13635a02-dde5-413f-b400-1c3be0434456'),
('62c688a1-5a33-450f-ad8b-608f91becea5', '13635a02-dde5-413f-b400-1c3be0434456'),
('6d3a4d43-06ea-478e-9a19-e2a8ea1dd28d', '13635a02-dde5-413f-b400-1c3be0434456'),
('6dd93562-a751-4a93-b679-2786c07d6503', '13635a02-dde5-413f-b400-1c3be0434456'),
('9c48af2a-4524-4942-acc8-696744126593', '13635a02-dde5-413f-b400-1c3be0434456'),
('ca99a63b-3a21-4e1a-8e2d-a6b09b487811', '13635a02-dde5-413f-b400-1c3be0434456'),
('dbcfa78d-d04c-4f6e-b835-561dd7f274d6', '13635a02-dde5-413f-b400-1c3be0434456'),
('14888037-ed3e-49a9-8ab6-bb1733c4da96', '13eef08b-e2df-4eed-bfd5-71aae92fb545'),
('2bf68bdf-930f-4bb0-afa3-76975849faa5', '13eef08b-e2df-4eed-bfd5-71aae92fb545'),
('392c221a-69eb-4e4c-b5d2-b34f878b922c', '13eef08b-e2df-4eed-bfd5-71aae92fb545'),
('3b0bdf67-1089-4298-b695-b24107b4ebc5', '13eef08b-e2df-4eed-bfd5-71aae92fb545'),
('3ed4d43d-6c4e-4fcd-940e-f8054a2f6476', '13eef08b-e2df-4eed-bfd5-71aae92fb545'),
('466f6e89-3ace-408b-bfe0-c15ab4f8079e', '13eef08b-e2df-4eed-bfd5-71aae92fb545'),
('5cfaa90a-6853-437f-96ac-42122826ac7a', '13eef08b-e2df-4eed-bfd5-71aae92fb545'),
('62c688a1-5a33-450f-ad8b-608f91becea5', '13eef08b-e2df-4eed-bfd5-71aae92fb545'),
('6d3a4d43-06ea-478e-9a19-e2a8ea1dd28d', '13eef08b-e2df-4eed-bfd5-71aae92fb545'),
('6dd93562-a751-4a93-b679-2786c07d6503', '13eef08b-e2df-4eed-bfd5-71aae92fb545'),
('9c48af2a-4524-4942-acc8-696744126593', '13eef08b-e2df-4eed-bfd5-71aae92fb545'),
('ca99a63b-3a21-4e1a-8e2d-a6b09b487811', '13eef08b-e2df-4eed-bfd5-71aae92fb545'),
('dbcfa78d-d04c-4f6e-b835-561dd7f274d6', '13eef08b-e2df-4eed-bfd5-71aae92fb545'),
('014ac386-5310-401c-a8e1-65a0eb424719', '1979dbdd-9bef-4e55-8d44-1518aad2660a'),
('2bf68bdf-930f-4bb0-afa3-76975849faa5', '1979dbdd-9bef-4e55-8d44-1518aad2660a'),
('32937a83-b1a1-4ce5-a4e7-727177f53a0c', '1979dbdd-9bef-4e55-8d44-1518aad2660a'),
('392c221a-69eb-4e4c-b5d2-b34f878b922c', '1979dbdd-9bef-4e55-8d44-1518aad2660a'),
('3b0bdf67-1089-4298-b695-b24107b4ebc5', '1979dbdd-9bef-4e55-8d44-1518aad2660a'),
('3ed4d43d-6c4e-4fcd-940e-f8054a2f6476', '1979dbdd-9bef-4e55-8d44-1518aad2660a'),
('466f6e89-3ace-408b-bfe0-c15ab4f8079e', '1979dbdd-9bef-4e55-8d44-1518aad2660a'),
('5cfaa90a-6853-437f-96ac-42122826ac7a', '1979dbdd-9bef-4e55-8d44-1518aad2660a'),
('62c688a1-5a33-450f-ad8b-608f91becea5', '1979dbdd-9bef-4e55-8d44-1518aad2660a'),
('6d3a4d43-06ea-478e-9a19-e2a8ea1dd28d', '1979dbdd-9bef-4e55-8d44-1518aad2660a'),
('6dd93562-a751-4a93-b679-2786c07d6503', '1979dbdd-9bef-4e55-8d44-1518aad2660a'),
('9c48af2a-4524-4942-acc8-696744126593', '1979dbdd-9bef-4e55-8d44-1518aad2660a'),
('dbcfa78d-d04c-4f6e-b835-561dd7f274d6', '1979dbdd-9bef-4e55-8d44-1518aad2660a'),
('014ac386-5310-401c-a8e1-65a0eb424719', '3287b4d7-a75b-485f-bf02-65206ce41c12'),
('2bf68bdf-930f-4bb0-afa3-76975849faa5', '3287b4d7-a75b-485f-bf02-65206ce41c12'),
('32937a83-b1a1-4ce5-a4e7-727177f53a0c', '3287b4d7-a75b-485f-bf02-65206ce41c12'),
('3ed4d43d-6c4e-4fcd-940e-f8054a2f6476', '3287b4d7-a75b-485f-bf02-65206ce41c12'),
('466f6e89-3ace-408b-bfe0-c15ab4f8079e', '3287b4d7-a75b-485f-bf02-65206ce41c12'),
('5cfaa90a-6853-437f-96ac-42122826ac7a', '3287b4d7-a75b-485f-bf02-65206ce41c12'),
('62c688a1-5a33-450f-ad8b-608f91becea5', '3287b4d7-a75b-485f-bf02-65206ce41c12'),
('6d3a4d43-06ea-478e-9a19-e2a8ea1dd28d', '3287b4d7-a75b-485f-bf02-65206ce41c12'),
('6dd93562-a751-4a93-b679-2786c07d6503', '3287b4d7-a75b-485f-bf02-65206ce41c12'),
('9c48af2a-4524-4942-acc8-696744126593', '3287b4d7-a75b-485f-bf02-65206ce41c12'),
('ca99a63b-3a21-4e1a-8e2d-a6b09b487811', '3287b4d7-a75b-485f-bf02-65206ce41c12'),
('dbcfa78d-d04c-4f6e-b835-561dd7f274d6', '3287b4d7-a75b-485f-bf02-65206ce41c12'),
('014ac386-5310-401c-a8e1-65a0eb424719', '37f87e63-1ffa-4724-b1c9-61839a0b5a62'),
('32937a83-b1a1-4ce5-a4e7-727177f53a0c', '37f87e63-1ffa-4724-b1c9-61839a0b5a62'),
('392c221a-69eb-4e4c-b5d2-b34f878b922c', '37f87e63-1ffa-4724-b1c9-61839a0b5a62'),
('3b0bdf67-1089-4298-b695-b24107b4ebc5', '37f87e63-1ffa-4724-b1c9-61839a0b5a62'),
('3ed4d43d-6c4e-4fcd-940e-f8054a2f6476', '37f87e63-1ffa-4724-b1c9-61839a0b5a62'),
('466f6e89-3ace-408b-bfe0-c15ab4f8079e', '37f87e63-1ffa-4724-b1c9-61839a0b5a62'),
('5cfaa90a-6853-437f-96ac-42122826ac7a', '37f87e63-1ffa-4724-b1c9-61839a0b5a62'),
('62c688a1-5a33-450f-ad8b-608f91becea5', '37f87e63-1ffa-4724-b1c9-61839a0b5a62'),
('6d3a4d43-06ea-478e-9a19-e2a8ea1dd28d', '37f87e63-1ffa-4724-b1c9-61839a0b5a62'),
('6dd93562-a751-4a93-b679-2786c07d6503', '37f87e63-1ffa-4724-b1c9-61839a0b5a62'),
('9c48af2a-4524-4942-acc8-696744126593', '37f87e63-1ffa-4724-b1c9-61839a0b5a62'),
('ca99a63b-3a21-4e1a-8e2d-a6b09b487811', '37f87e63-1ffa-4724-b1c9-61839a0b5a62'),
('dbcfa78d-d04c-4f6e-b835-561dd7f274d6', '37f87e63-1ffa-4724-b1c9-61839a0b5a62'),
('14888037-ed3e-49a9-8ab6-bb1733c4da96', '38d0e602-d940-46ca-92e2-142c43d349e9'),
('2bf68bdf-930f-4bb0-afa3-76975849faa5', '38d0e602-d940-46ca-92e2-142c43d349e9'),
('32937a83-b1a1-4ce5-a4e7-727177f53a0c', '38d0e602-d940-46ca-92e2-142c43d349e9'),
('392c221a-69eb-4e4c-b5d2-b34f878b922c', '38d0e602-d940-46ca-92e2-142c43d349e9'),
('3b0bdf67-1089-4298-b695-b24107b4ebc5', '38d0e602-d940-46ca-92e2-142c43d349e9'),
('3ed4d43d-6c4e-4fcd-940e-f8054a2f6476', '38d0e602-d940-46ca-92e2-142c43d349e9'),
('466f6e89-3ace-408b-bfe0-c15ab4f8079e', '38d0e602-d940-46ca-92e2-142c43d349e9'),
('5cfaa90a-6853-437f-96ac-42122826ac7a', '38d0e602-d940-46ca-92e2-142c43d349e9'),
('62c688a1-5a33-450f-ad8b-608f91becea5', '38d0e602-d940-46ca-92e2-142c43d349e9'),
('6d3a4d43-06ea-478e-9a19-e2a8ea1dd28d', '38d0e602-d940-46ca-92e2-142c43d349e9'),
('6dd93562-a751-4a93-b679-2786c07d6503', '38d0e602-d940-46ca-92e2-142c43d349e9'),
('9c48af2a-4524-4942-acc8-696744126593', '38d0e602-d940-46ca-92e2-142c43d349e9'),
('ca99a63b-3a21-4e1a-8e2d-a6b09b487811', '38d0e602-d940-46ca-92e2-142c43d349e9'),
('014ac386-5310-401c-a8e1-65a0eb424719', '3907b32d-6b05-44da-ae4e-933afe788d7c'),
('14888037-ed3e-49a9-8ab6-bb1733c4da96', '3907b32d-6b05-44da-ae4e-933afe788d7c'),
('2bf68bdf-930f-4bb0-afa3-76975849faa5', '3907b32d-6b05-44da-ae4e-933afe788d7c'),
('32937a83-b1a1-4ce5-a4e7-727177f53a0c', '3907b32d-6b05-44da-ae4e-933afe788d7c'),
('392c221a-69eb-4e4c-b5d2-b34f878b922c', '3907b32d-6b05-44da-ae4e-933afe788d7c'),
('3ed4d43d-6c4e-4fcd-940e-f8054a2f6476', '3907b32d-6b05-44da-ae4e-933afe788d7c'),
('466f6e89-3ace-408b-bfe0-c15ab4f8079e', '3907b32d-6b05-44da-ae4e-933afe788d7c'),
('5cfaa90a-6853-437f-96ac-42122826ac7a', '3907b32d-6b05-44da-ae4e-933afe788d7c'),
('6d3a4d43-06ea-478e-9a19-e2a8ea1dd28d', '3907b32d-6b05-44da-ae4e-933afe788d7c'),
('6dd93562-a751-4a93-b679-2786c07d6503', '3907b32d-6b05-44da-ae4e-933afe788d7c'),
('9c48af2a-4524-4942-acc8-696744126593', '3907b32d-6b05-44da-ae4e-933afe788d7c'),
('ca99a63b-3a21-4e1a-8e2d-a6b09b487811', '3907b32d-6b05-44da-ae4e-933afe788d7c'),
('dbcfa78d-d04c-4f6e-b835-561dd7f274d6', '3907b32d-6b05-44da-ae4e-933afe788d7c'),
('014ac386-5310-401c-a8e1-65a0eb424719', '390d9347-2a6f-45f2-8596-841c4ff0daff'),
('14888037-ed3e-49a9-8ab6-bb1733c4da96', '390d9347-2a6f-45f2-8596-841c4ff0daff'),
('2bf68bdf-930f-4bb0-afa3-76975849faa5', '390d9347-2a6f-45f2-8596-841c4ff0daff'),
('392c221a-69eb-4e4c-b5d2-b34f878b922c', '390d9347-2a6f-45f2-8596-841c4ff0daff'),
('3b0bdf67-1089-4298-b695-b24107b4ebc5', '390d9347-2a6f-45f2-8596-841c4ff0daff'),
('3ed4d43d-6c4e-4fcd-940e-f8054a2f6476', '390d9347-2a6f-45f2-8596-841c4ff0daff'),
('466f6e89-3ace-408b-bfe0-c15ab4f8079e', '390d9347-2a6f-45f2-8596-841c4ff0daff'),
('5cfaa90a-6853-437f-96ac-42122826ac7a', '390d9347-2a6f-45f2-8596-841c4ff0daff'),
('6d3a4d43-06ea-478e-9a19-e2a8ea1dd28d', '390d9347-2a6f-45f2-8596-841c4ff0daff'),
('6dd93562-a751-4a93-b679-2786c07d6503', '390d9347-2a6f-45f2-8596-841c4ff0daff'),
('9c48af2a-4524-4942-acc8-696744126593', '390d9347-2a6f-45f2-8596-841c4ff0daff'),
('ca99a63b-3a21-4e1a-8e2d-a6b09b487811', '390d9347-2a6f-45f2-8596-841c4ff0daff'),
('dbcfa78d-d04c-4f6e-b835-561dd7f274d6', '390d9347-2a6f-45f2-8596-841c4ff0daff'),
('014ac386-5310-401c-a8e1-65a0eb424719', '3bc66785-b143-46e5-9148-c68eb5292812'),
('14888037-ed3e-49a9-8ab6-bb1733c4da96', '3bc66785-b143-46e5-9148-c68eb5292812'),
('32937a83-b1a1-4ce5-a4e7-727177f53a0c', '3bc66785-b143-46e5-9148-c68eb5292812'),
('3b0bdf67-1089-4298-b695-b24107b4ebc5', '3bc66785-b143-46e5-9148-c68eb5292812'),
('3ed4d43d-6c4e-4fcd-940e-f8054a2f6476', '3bc66785-b143-46e5-9148-c68eb5292812'),
('466f6e89-3ace-408b-bfe0-c15ab4f8079e', '3bc66785-b143-46e5-9148-c68eb5292812'),
('5cfaa90a-6853-437f-96ac-42122826ac7a', '3bc66785-b143-46e5-9148-c68eb5292812'),
('62c688a1-5a33-450f-ad8b-608f91becea5', '3bc66785-b143-46e5-9148-c68eb5292812'),
('6d3a4d43-06ea-478e-9a19-e2a8ea1dd28d', '3bc66785-b143-46e5-9148-c68eb5292812'),
('6dd93562-a751-4a93-b679-2786c07d6503', '3bc66785-b143-46e5-9148-c68eb5292812'),
('9c48af2a-4524-4942-acc8-696744126593', '3bc66785-b143-46e5-9148-c68eb5292812'),
('14888037-ed3e-49a9-8ab6-bb1733c4da96', '3f0504e9-8547-4cab-b8cf-6278551250af'),
('32937a83-b1a1-4ce5-a4e7-727177f53a0c', '3f0504e9-8547-4cab-b8cf-6278551250af'),
('392c221a-69eb-4e4c-b5d2-b34f878b922c', '3f0504e9-8547-4cab-b8cf-6278551250af'),
('3b0bdf67-1089-4298-b695-b24107b4ebc5', '3f0504e9-8547-4cab-b8cf-6278551250af'),
('3ed4d43d-6c4e-4fcd-940e-f8054a2f6476', '3f0504e9-8547-4cab-b8cf-6278551250af'),
('5cfaa90a-6853-437f-96ac-42122826ac7a', '3f0504e9-8547-4cab-b8cf-6278551250af'),
('62c688a1-5a33-450f-ad8b-608f91becea5', '3f0504e9-8547-4cab-b8cf-6278551250af'),
('6d3a4d43-06ea-478e-9a19-e2a8ea1dd28d', '3f0504e9-8547-4cab-b8cf-6278551250af'),
('6dd93562-a751-4a93-b679-2786c07d6503', '3f0504e9-8547-4cab-b8cf-6278551250af'),
('9c48af2a-4524-4942-acc8-696744126593', '3f0504e9-8547-4cab-b8cf-6278551250af'),
('ca99a63b-3a21-4e1a-8e2d-a6b09b487811', '3f0504e9-8547-4cab-b8cf-6278551250af'),
('dbcfa78d-d04c-4f6e-b835-561dd7f274d6', '3f0504e9-8547-4cab-b8cf-6278551250af'),
('014ac386-5310-401c-a8e1-65a0eb424719', '40d22fea-2db2-4e9d-94af-f4aec33824b7'),
('14888037-ed3e-49a9-8ab6-bb1733c4da96', '40d22fea-2db2-4e9d-94af-f4aec33824b7'),
('2bf68bdf-930f-4bb0-afa3-76975849faa5', '40d22fea-2db2-4e9d-94af-f4aec33824b7'),
('32937a83-b1a1-4ce5-a4e7-727177f53a0c', '40d22fea-2db2-4e9d-94af-f4aec33824b7'),
('392c221a-69eb-4e4c-b5d2-b34f878b922c', '40d22fea-2db2-4e9d-94af-f4aec33824b7'),
('3ed4d43d-6c4e-4fcd-940e-f8054a2f6476', '40d22fea-2db2-4e9d-94af-f4aec33824b7'),
('466f6e89-3ace-408b-bfe0-c15ab4f8079e', '40d22fea-2db2-4e9d-94af-f4aec33824b7'),
('5cfaa90a-6853-437f-96ac-42122826ac7a', '40d22fea-2db2-4e9d-94af-f4aec33824b7'),
('62c688a1-5a33-450f-ad8b-608f91becea5', '40d22fea-2db2-4e9d-94af-f4aec33824b7'),
('6d3a4d43-06ea-478e-9a19-e2a8ea1dd28d', '40d22fea-2db2-4e9d-94af-f4aec33824b7'),
('6dd93562-a751-4a93-b679-2786c07d6503', '40d22fea-2db2-4e9d-94af-f4aec33824b7'),
('9c48af2a-4524-4942-acc8-696744126593', '40d22fea-2db2-4e9d-94af-f4aec33824b7'),
('ca99a63b-3a21-4e1a-8e2d-a6b09b487811', '40d22fea-2db2-4e9d-94af-f4aec33824b7'),
('dbcfa78d-d04c-4f6e-b835-561dd7f274d6', '40d22fea-2db2-4e9d-94af-f4aec33824b7'),
('014ac386-5310-401c-a8e1-65a0eb424719', '42c81fd8-7213-4d51-8c75-c0df60491f92'),
('14888037-ed3e-49a9-8ab6-bb1733c4da96', '42c81fd8-7213-4d51-8c75-c0df60491f92'),
('2bf68bdf-930f-4bb0-afa3-76975849faa5', '42c81fd8-7213-4d51-8c75-c0df60491f92'),
('32937a83-b1a1-4ce5-a4e7-727177f53a0c', '42c81fd8-7213-4d51-8c75-c0df60491f92'),
('392c221a-69eb-4e4c-b5d2-b34f878b922c', '42c81fd8-7213-4d51-8c75-c0df60491f92'),
('3b0bdf67-1089-4298-b695-b24107b4ebc5', '42c81fd8-7213-4d51-8c75-c0df60491f92'),
('3ed4d43d-6c4e-4fcd-940e-f8054a2f6476', '42c81fd8-7213-4d51-8c75-c0df60491f92'),
('466f6e89-3ace-408b-bfe0-c15ab4f8079e', '42c81fd8-7213-4d51-8c75-c0df60491f92'),
('5cfaa90a-6853-437f-96ac-42122826ac7a', '42c81fd8-7213-4d51-8c75-c0df60491f92'),
('6d3a4d43-06ea-478e-9a19-e2a8ea1dd28d', '42c81fd8-7213-4d51-8c75-c0df60491f92'),
('6dd93562-a751-4a93-b679-2786c07d6503', '42c81fd8-7213-4d51-8c75-c0df60491f92'),
('9c48af2a-4524-4942-acc8-696744126593', '42c81fd8-7213-4d51-8c75-c0df60491f92'),
('ca99a63b-3a21-4e1a-8e2d-a6b09b487811', '42c81fd8-7213-4d51-8c75-c0df60491f92'),
('014ac386-5310-401c-a8e1-65a0eb424719', '43b1650a-4491-415e-a1f2-0290fde0c5af'),
('32937a83-b1a1-4ce5-a4e7-727177f53a0c', '43b1650a-4491-415e-a1f2-0290fde0c5af'),
('392c221a-69eb-4e4c-b5d2-b34f878b922c', '43b1650a-4491-415e-a1f2-0290fde0c5af'),
('3b0bdf67-1089-4298-b695-b24107b4ebc5', '43b1650a-4491-415e-a1f2-0290fde0c5af'),
('3ed4d43d-6c4e-4fcd-940e-f8054a2f6476', '43b1650a-4491-415e-a1f2-0290fde0c5af'),
('466f6e89-3ace-408b-bfe0-c15ab4f8079e', '43b1650a-4491-415e-a1f2-0290fde0c5af'),
('5cfaa90a-6853-437f-96ac-42122826ac7a', '43b1650a-4491-415e-a1f2-0290fde0c5af'),
('62c688a1-5a33-450f-ad8b-608f91becea5', '43b1650a-4491-415e-a1f2-0290fde0c5af'),
('6d3a4d43-06ea-478e-9a19-e2a8ea1dd28d', '43b1650a-4491-415e-a1f2-0290fde0c5af'),
('6dd93562-a751-4a93-b679-2786c07d6503', '43b1650a-4491-415e-a1f2-0290fde0c5af'),
('9c48af2a-4524-4942-acc8-696744126593', '43b1650a-4491-415e-a1f2-0290fde0c5af'),
('dbcfa78d-d04c-4f6e-b835-561dd7f274d6', '43b1650a-4491-415e-a1f2-0290fde0c5af'),
('014ac386-5310-401c-a8e1-65a0eb424719', '454a3bb8-8e29-4f6b-b120-ea967041acc0'),
('14888037-ed3e-49a9-8ab6-bb1733c4da96', '454a3bb8-8e29-4f6b-b120-ea967041acc0'),
('2bf68bdf-930f-4bb0-afa3-76975849faa5', '454a3bb8-8e29-4f6b-b120-ea967041acc0'),
('32937a83-b1a1-4ce5-a4e7-727177f53a0c', '454a3bb8-8e29-4f6b-b120-ea967041acc0'),
('392c221a-69eb-4e4c-b5d2-b34f878b922c', '454a3bb8-8e29-4f6b-b120-ea967041acc0'),
('3b0bdf67-1089-4298-b695-b24107b4ebc5', '454a3bb8-8e29-4f6b-b120-ea967041acc0'),
('3ed4d43d-6c4e-4fcd-940e-f8054a2f6476', '454a3bb8-8e29-4f6b-b120-ea967041acc0'),
('466f6e89-3ace-408b-bfe0-c15ab4f8079e', '454a3bb8-8e29-4f6b-b120-ea967041acc0'),
('5cfaa90a-6853-437f-96ac-42122826ac7a', '454a3bb8-8e29-4f6b-b120-ea967041acc0'),
('62c688a1-5a33-450f-ad8b-608f91becea5', '454a3bb8-8e29-4f6b-b120-ea967041acc0'),
('6d3a4d43-06ea-478e-9a19-e2a8ea1dd28d', '454a3bb8-8e29-4f6b-b120-ea967041acc0'),
('6dd93562-a751-4a93-b679-2786c07d6503', '454a3bb8-8e29-4f6b-b120-ea967041acc0'),
('9c48af2a-4524-4942-acc8-696744126593', '454a3bb8-8e29-4f6b-b120-ea967041acc0'),
('ca99a63b-3a21-4e1a-8e2d-a6b09b487811', '454a3bb8-8e29-4f6b-b120-ea967041acc0'),
('dbcfa78d-d04c-4f6e-b835-561dd7f274d6', '454a3bb8-8e29-4f6b-b120-ea967041acc0'),
('014ac386-5310-401c-a8e1-65a0eb424719', '49ea6de7-5401-4cf1-8fac-d9d022cfa38e'),
('14888037-ed3e-49a9-8ab6-bb1733c4da96', '49ea6de7-5401-4cf1-8fac-d9d022cfa38e'),
('2bf68bdf-930f-4bb0-afa3-76975849faa5', '49ea6de7-5401-4cf1-8fac-d9d022cfa38e'),
('32937a83-b1a1-4ce5-a4e7-727177f53a0c', '49ea6de7-5401-4cf1-8fac-d9d022cfa38e'),
('392c221a-69eb-4e4c-b5d2-b34f878b922c', '49ea6de7-5401-4cf1-8fac-d9d022cfa38e'),
('3b0bdf67-1089-4298-b695-b24107b4ebc5', '49ea6de7-5401-4cf1-8fac-d9d022cfa38e'),
('3ed4d43d-6c4e-4fcd-940e-f8054a2f6476', '49ea6de7-5401-4cf1-8fac-d9d022cfa38e'),
('466f6e89-3ace-408b-bfe0-c15ab4f8079e', '49ea6de7-5401-4cf1-8fac-d9d022cfa38e'),
('5cfaa90a-6853-437f-96ac-42122826ac7a', '49ea6de7-5401-4cf1-8fac-d9d022cfa38e'),
('62c688a1-5a33-450f-ad8b-608f91becea5', '49ea6de7-5401-4cf1-8fac-d9d022cfa38e'),
('6d3a4d43-06ea-478e-9a19-e2a8ea1dd28d', '49ea6de7-5401-4cf1-8fac-d9d022cfa38e'),
('6dd93562-a751-4a93-b679-2786c07d6503', '49ea6de7-5401-4cf1-8fac-d9d022cfa38e'),
('9c48af2a-4524-4942-acc8-696744126593', '49ea6de7-5401-4cf1-8fac-d9d022cfa38e'),
('ca99a63b-3a21-4e1a-8e2d-a6b09b487811', '49ea6de7-5401-4cf1-8fac-d9d022cfa38e'),
('dbcfa78d-d04c-4f6e-b835-561dd7f274d6', '49ea6de7-5401-4cf1-8fac-d9d022cfa38e'),
('014ac386-5310-401c-a8e1-65a0eb424719', '4cfe835b-e194-410a-a1b0-66425ce7e73e'),
('14888037-ed3e-49a9-8ab6-bb1733c4da96', '4cfe835b-e194-410a-a1b0-66425ce7e73e'),
('32937a83-b1a1-4ce5-a4e7-727177f53a0c', '4cfe835b-e194-410a-a1b0-66425ce7e73e'),
('392c221a-69eb-4e4c-b5d2-b34f878b922c', '4cfe835b-e194-410a-a1b0-66425ce7e73e'),
('3b0bdf67-1089-4298-b695-b24107b4ebc5', '4cfe835b-e194-410a-a1b0-66425ce7e73e'),
('3ed4d43d-6c4e-4fcd-940e-f8054a2f6476', '4cfe835b-e194-410a-a1b0-66425ce7e73e'),
('5cfaa90a-6853-437f-96ac-42122826ac7a', '4cfe835b-e194-410a-a1b0-66425ce7e73e'),
('6d3a4d43-06ea-478e-9a19-e2a8ea1dd28d', '4cfe835b-e194-410a-a1b0-66425ce7e73e'),
('9c48af2a-4524-4942-acc8-696744126593', '4cfe835b-e194-410a-a1b0-66425ce7e73e'),
('ca99a63b-3a21-4e1a-8e2d-a6b09b487811', '4cfe835b-e194-410a-a1b0-66425ce7e73e'),
('dbcfa78d-d04c-4f6e-b835-561dd7f274d6', '4cfe835b-e194-410a-a1b0-66425ce7e73e'),
('014ac386-5310-401c-a8e1-65a0eb424719', '5014d752-8588-43a2-b339-089b6f71fcaa'),
('14888037-ed3e-49a9-8ab6-bb1733c4da96', '5014d752-8588-43a2-b339-089b6f71fcaa'),
('2bf68bdf-930f-4bb0-afa3-76975849faa5', '5014d752-8588-43a2-b339-089b6f71fcaa'),
('32937a83-b1a1-4ce5-a4e7-727177f53a0c', '5014d752-8588-43a2-b339-089b6f71fcaa'),
('392c221a-69eb-4e4c-b5d2-b34f878b922c', '5014d752-8588-43a2-b339-089b6f71fcaa'),
('3b0bdf67-1089-4298-b695-b24107b4ebc5', '5014d752-8588-43a2-b339-089b6f71fcaa'),
('3ed4d43d-6c4e-4fcd-940e-f8054a2f6476', '5014d752-8588-43a2-b339-089b6f71fcaa'),
('466f6e89-3ace-408b-bfe0-c15ab4f8079e', '5014d752-8588-43a2-b339-089b6f71fcaa'),
('5cfaa90a-6853-437f-96ac-42122826ac7a', '5014d752-8588-43a2-b339-089b6f71fcaa'),
('62c688a1-5a33-450f-ad8b-608f91becea5', '5014d752-8588-43a2-b339-089b6f71fcaa'),
('6d3a4d43-06ea-478e-9a19-e2a8ea1dd28d', '5014d752-8588-43a2-b339-089b6f71fcaa'),
('6dd93562-a751-4a93-b679-2786c07d6503', '5014d752-8588-43a2-b339-089b6f71fcaa'),
('9c48af2a-4524-4942-acc8-696744126593', '5014d752-8588-43a2-b339-089b6f71fcaa'),
('ca99a63b-3a21-4e1a-8e2d-a6b09b487811', '5014d752-8588-43a2-b339-089b6f71fcaa'),
('dbcfa78d-d04c-4f6e-b835-561dd7f274d6', '5014d752-8588-43a2-b339-089b6f71fcaa'),
('014ac386-5310-401c-a8e1-65a0eb424719', '5f203154-a922-4dbf-b223-d5aedab99beb'),
('14888037-ed3e-49a9-8ab6-bb1733c4da96', '5f203154-a922-4dbf-b223-d5aedab99beb'),
('2bf68bdf-930f-4bb0-afa3-76975849faa5', '5f203154-a922-4dbf-b223-d5aedab99beb'),
('32937a83-b1a1-4ce5-a4e7-727177f53a0c', '5f203154-a922-4dbf-b223-d5aedab99beb'),
('392c221a-69eb-4e4c-b5d2-b34f878b922c', '5f203154-a922-4dbf-b223-d5aedab99beb'),
('3b0bdf67-1089-4298-b695-b24107b4ebc5', '5f203154-a922-4dbf-b223-d5aedab99beb'),
('3ed4d43d-6c4e-4fcd-940e-f8054a2f6476', '5f203154-a922-4dbf-b223-d5aedab99beb'),
('466f6e89-3ace-408b-bfe0-c15ab4f8079e', '5f203154-a922-4dbf-b223-d5aedab99beb'),
('5cfaa90a-6853-437f-96ac-42122826ac7a', '5f203154-a922-4dbf-b223-d5aedab99beb'),
('62c688a1-5a33-450f-ad8b-608f91becea5', '5f203154-a922-4dbf-b223-d5aedab99beb'),
('6dd93562-a751-4a93-b679-2786c07d6503', '5f203154-a922-4dbf-b223-d5aedab99beb'),
('9c48af2a-4524-4942-acc8-696744126593', '5f203154-a922-4dbf-b223-d5aedab99beb'),
('ca99a63b-3a21-4e1a-8e2d-a6b09b487811', '5f203154-a922-4dbf-b223-d5aedab99beb'),
('dbcfa78d-d04c-4f6e-b835-561dd7f274d6', '5f203154-a922-4dbf-b223-d5aedab99beb'),
('014ac386-5310-401c-a8e1-65a0eb424719', '62e16dfe-5db2-4cb1-b42f-b22720b7754a'),
('14888037-ed3e-49a9-8ab6-bb1733c4da96', '62e16dfe-5db2-4cb1-b42f-b22720b7754a'),
('2bf68bdf-930f-4bb0-afa3-76975849faa5', '62e16dfe-5db2-4cb1-b42f-b22720b7754a'),
('32937a83-b1a1-4ce5-a4e7-727177f53a0c', '62e16dfe-5db2-4cb1-b42f-b22720b7754a'),
('392c221a-69eb-4e4c-b5d2-b34f878b922c', '62e16dfe-5db2-4cb1-b42f-b22720b7754a'),
('3ed4d43d-6c4e-4fcd-940e-f8054a2f6476', '62e16dfe-5db2-4cb1-b42f-b22720b7754a'),
('466f6e89-3ace-408b-bfe0-c15ab4f8079e', '62e16dfe-5db2-4cb1-b42f-b22720b7754a'),
('5cfaa90a-6853-437f-96ac-42122826ac7a', '62e16dfe-5db2-4cb1-b42f-b22720b7754a'),
('62c688a1-5a33-450f-ad8b-608f91becea5', '62e16dfe-5db2-4cb1-b42f-b22720b7754a'),
('6d3a4d43-06ea-478e-9a19-e2a8ea1dd28d', '62e16dfe-5db2-4cb1-b42f-b22720b7754a'),
('6dd93562-a751-4a93-b679-2786c07d6503', '62e16dfe-5db2-4cb1-b42f-b22720b7754a'),
('9c48af2a-4524-4942-acc8-696744126593', '62e16dfe-5db2-4cb1-b42f-b22720b7754a'),
('ca99a63b-3a21-4e1a-8e2d-a6b09b487811', '62e16dfe-5db2-4cb1-b42f-b22720b7754a'),
('dbcfa78d-d04c-4f6e-b835-561dd7f274d6', '62e16dfe-5db2-4cb1-b42f-b22720b7754a'),
('014ac386-5310-401c-a8e1-65a0eb424719', '637026e6-9440-4db4-a364-a0929307d74e'),
('2bf68bdf-930f-4bb0-afa3-76975849faa5', '637026e6-9440-4db4-a364-a0929307d74e'),
('32937a83-b1a1-4ce5-a4e7-727177f53a0c', '637026e6-9440-4db4-a364-a0929307d74e'),
('392c221a-69eb-4e4c-b5d2-b34f878b922c', '637026e6-9440-4db4-a364-a0929307d74e'),
('3b0bdf67-1089-4298-b695-b24107b4ebc5', '637026e6-9440-4db4-a364-a0929307d74e'),
('3ed4d43d-6c4e-4fcd-940e-f8054a2f6476', '637026e6-9440-4db4-a364-a0929307d74e'),
('466f6e89-3ace-408b-bfe0-c15ab4f8079e', '637026e6-9440-4db4-a364-a0929307d74e'),
('5cfaa90a-6853-437f-96ac-42122826ac7a', '637026e6-9440-4db4-a364-a0929307d74e'),
('6d3a4d43-06ea-478e-9a19-e2a8ea1dd28d', '637026e6-9440-4db4-a364-a0929307d74e'),
('6dd93562-a751-4a93-b679-2786c07d6503', '637026e6-9440-4db4-a364-a0929307d74e'),
('dbcfa78d-d04c-4f6e-b835-561dd7f274d6', '637026e6-9440-4db4-a364-a0929307d74e'),
('014ac386-5310-401c-a8e1-65a0eb424719', '68caf186-0798-4db6-9ec8-3b7ac7ade9b0'),
('14888037-ed3e-49a9-8ab6-bb1733c4da96', '68caf186-0798-4db6-9ec8-3b7ac7ade9b0'),
('32937a83-b1a1-4ce5-a4e7-727177f53a0c', '68caf186-0798-4db6-9ec8-3b7ac7ade9b0'),
('392c221a-69eb-4e4c-b5d2-b34f878b922c', '68caf186-0798-4db6-9ec8-3b7ac7ade9b0'),
('3b0bdf67-1089-4298-b695-b24107b4ebc5', '68caf186-0798-4db6-9ec8-3b7ac7ade9b0'),
('3ed4d43d-6c4e-4fcd-940e-f8054a2f6476', '68caf186-0798-4db6-9ec8-3b7ac7ade9b0'),
('466f6e89-3ace-408b-bfe0-c15ab4f8079e', '68caf186-0798-4db6-9ec8-3b7ac7ade9b0'),
('5cfaa90a-6853-437f-96ac-42122826ac7a', '68caf186-0798-4db6-9ec8-3b7ac7ade9b0'),
('6d3a4d43-06ea-478e-9a19-e2a8ea1dd28d', '68caf186-0798-4db6-9ec8-3b7ac7ade9b0'),
('6dd93562-a751-4a93-b679-2786c07d6503', '68caf186-0798-4db6-9ec8-3b7ac7ade9b0'),
('9c48af2a-4524-4942-acc8-696744126593', '68caf186-0798-4db6-9ec8-3b7ac7ade9b0'),
('ca99a63b-3a21-4e1a-8e2d-a6b09b487811', '68caf186-0798-4db6-9ec8-3b7ac7ade9b0'),
('dbcfa78d-d04c-4f6e-b835-561dd7f274d6', '68caf186-0798-4db6-9ec8-3b7ac7ade9b0'),
('014ac386-5310-401c-a8e1-65a0eb424719', '7753194a-d9df-4674-a4d4-eece72d47774'),
('14888037-ed3e-49a9-8ab6-bb1733c4da96', '7753194a-d9df-4674-a4d4-eece72d47774'),
('2bf68bdf-930f-4bb0-afa3-76975849faa5', '7753194a-d9df-4674-a4d4-eece72d47774'),
('32937a83-b1a1-4ce5-a4e7-727177f53a0c', '7753194a-d9df-4674-a4d4-eece72d47774'),
('392c221a-69eb-4e4c-b5d2-b34f878b922c', '7753194a-d9df-4674-a4d4-eece72d47774'),
('3b0bdf67-1089-4298-b695-b24107b4ebc5', '7753194a-d9df-4674-a4d4-eece72d47774'),
('3ed4d43d-6c4e-4fcd-940e-f8054a2f6476', '7753194a-d9df-4674-a4d4-eece72d47774'),
('466f6e89-3ace-408b-bfe0-c15ab4f8079e', '7753194a-d9df-4674-a4d4-eece72d47774'),
('5cfaa90a-6853-437f-96ac-42122826ac7a', '7753194a-d9df-4674-a4d4-eece72d47774'),
('62c688a1-5a33-450f-ad8b-608f91becea5', '7753194a-d9df-4674-a4d4-eece72d47774'),
('6dd93562-a751-4a93-b679-2786c07d6503', '7753194a-d9df-4674-a4d4-eece72d47774'),
('9c48af2a-4524-4942-acc8-696744126593', '7753194a-d9df-4674-a4d4-eece72d47774'),
('ca99a63b-3a21-4e1a-8e2d-a6b09b487811', '7753194a-d9df-4674-a4d4-eece72d47774'),
('dbcfa78d-d04c-4f6e-b835-561dd7f274d6', '7753194a-d9df-4674-a4d4-eece72d47774'),
('014ac386-5310-401c-a8e1-65a0eb424719', '7ae42420-e772-4916-a928-b37f0d3894eb'),
('14888037-ed3e-49a9-8ab6-bb1733c4da96', '7ae42420-e772-4916-a928-b37f0d3894eb'),
('2bf68bdf-930f-4bb0-afa3-76975849faa5', '7ae42420-e772-4916-a928-b37f0d3894eb'),
('32937a83-b1a1-4ce5-a4e7-727177f53a0c', '7ae42420-e772-4916-a928-b37f0d3894eb'),
('392c221a-69eb-4e4c-b5d2-b34f878b922c', '7ae42420-e772-4916-a928-b37f0d3894eb'),
('3b0bdf67-1089-4298-b695-b24107b4ebc5', '7ae42420-e772-4916-a928-b37f0d3894eb'),
('3ed4d43d-6c4e-4fcd-940e-f8054a2f6476', '7ae42420-e772-4916-a928-b37f0d3894eb'),
('466f6e89-3ace-408b-bfe0-c15ab4f8079e', '7ae42420-e772-4916-a928-b37f0d3894eb'),
('5cfaa90a-6853-437f-96ac-42122826ac7a', '7ae42420-e772-4916-a928-b37f0d3894eb'),
('62c688a1-5a33-450f-ad8b-608f91becea5', '7ae42420-e772-4916-a928-b37f0d3894eb'),
('6d3a4d43-06ea-478e-9a19-e2a8ea1dd28d', '7ae42420-e772-4916-a928-b37f0d3894eb'),
('6dd93562-a751-4a93-b679-2786c07d6503', '7ae42420-e772-4916-a928-b37f0d3894eb'),
('9c48af2a-4524-4942-acc8-696744126593', '7ae42420-e772-4916-a928-b37f0d3894eb'),
('ca99a63b-3a21-4e1a-8e2d-a6b09b487811', '7ae42420-e772-4916-a928-b37f0d3894eb'),
('dbcfa78d-d04c-4f6e-b835-561dd7f274d6', '7ae42420-e772-4916-a928-b37f0d3894eb'),
('014ac386-5310-401c-a8e1-65a0eb424719', '7df26fae-5cc6-4424-8d8d-5847a28e635d'),
('14888037-ed3e-49a9-8ab6-bb1733c4da96', '7df26fae-5cc6-4424-8d8d-5847a28e635d'),
('2bf68bdf-930f-4bb0-afa3-76975849faa5', '7df26fae-5cc6-4424-8d8d-5847a28e635d'),
('32937a83-b1a1-4ce5-a4e7-727177f53a0c', '7df26fae-5cc6-4424-8d8d-5847a28e635d'),
('392c221a-69eb-4e4c-b5d2-b34f878b922c', '7df26fae-5cc6-4424-8d8d-5847a28e635d'),
('466f6e89-3ace-408b-bfe0-c15ab4f8079e', '7df26fae-5cc6-4424-8d8d-5847a28e635d'),
('5cfaa90a-6853-437f-96ac-42122826ac7a', '7df26fae-5cc6-4424-8d8d-5847a28e635d'),
('6d3a4d43-06ea-478e-9a19-e2a8ea1dd28d', '7df26fae-5cc6-4424-8d8d-5847a28e635d'),
('6dd93562-a751-4a93-b679-2786c07d6503', '7df26fae-5cc6-4424-8d8d-5847a28e635d'),
('9c48af2a-4524-4942-acc8-696744126593', '7df26fae-5cc6-4424-8d8d-5847a28e635d'),
('dbcfa78d-d04c-4f6e-b835-561dd7f274d6', '7df26fae-5cc6-4424-8d8d-5847a28e635d'),
('014ac386-5310-401c-a8e1-65a0eb424719', '8e8bc24d-24b2-4128-96cf-fe606c263250'),
('14888037-ed3e-49a9-8ab6-bb1733c4da96', '8e8bc24d-24b2-4128-96cf-fe606c263250'),
('2bf68bdf-930f-4bb0-afa3-76975849faa5', '8e8bc24d-24b2-4128-96cf-fe606c263250'),
('32937a83-b1a1-4ce5-a4e7-727177f53a0c', '8e8bc24d-24b2-4128-96cf-fe606c263250'),
('392c221a-69eb-4e4c-b5d2-b34f878b922c', '8e8bc24d-24b2-4128-96cf-fe606c263250'),
('3b0bdf67-1089-4298-b695-b24107b4ebc5', '8e8bc24d-24b2-4128-96cf-fe606c263250'),
('3ed4d43d-6c4e-4fcd-940e-f8054a2f6476', '8e8bc24d-24b2-4128-96cf-fe606c263250'),
('466f6e89-3ace-408b-bfe0-c15ab4f8079e', '8e8bc24d-24b2-4128-96cf-fe606c263250'),
('5cfaa90a-6853-437f-96ac-42122826ac7a', '8e8bc24d-24b2-4128-96cf-fe606c263250'),
('6d3a4d43-06ea-478e-9a19-e2a8ea1dd28d', '8e8bc24d-24b2-4128-96cf-fe606c263250'),
('6dd93562-a751-4a93-b679-2786c07d6503', '8e8bc24d-24b2-4128-96cf-fe606c263250'),
('9c48af2a-4524-4942-acc8-696744126593', '8e8bc24d-24b2-4128-96cf-fe606c263250'),
('ca99a63b-3a21-4e1a-8e2d-a6b09b487811', '8e8bc24d-24b2-4128-96cf-fe606c263250'),
('dbcfa78d-d04c-4f6e-b835-561dd7f274d6', '8e8bc24d-24b2-4128-96cf-fe606c263250'),
('014ac386-5310-401c-a8e1-65a0eb424719', '9268850b-bc00-49f1-8216-57470cd1ea2e'),
('14888037-ed3e-49a9-8ab6-bb1733c4da96', '9268850b-bc00-49f1-8216-57470cd1ea2e'),
('2bf68bdf-930f-4bb0-afa3-76975849faa5', '9268850b-bc00-49f1-8216-57470cd1ea2e'),
('392c221a-69eb-4e4c-b5d2-b34f878b922c', '9268850b-bc00-49f1-8216-57470cd1ea2e'),
('3ed4d43d-6c4e-4fcd-940e-f8054a2f6476', '9268850b-bc00-49f1-8216-57470cd1ea2e'),
('466f6e89-3ace-408b-bfe0-c15ab4f8079e', '9268850b-bc00-49f1-8216-57470cd1ea2e'),
('5cfaa90a-6853-437f-96ac-42122826ac7a', '9268850b-bc00-49f1-8216-57470cd1ea2e'),
('62c688a1-5a33-450f-ad8b-608f91becea5', '9268850b-bc00-49f1-8216-57470cd1ea2e'),
('6d3a4d43-06ea-478e-9a19-e2a8ea1dd28d', '9268850b-bc00-49f1-8216-57470cd1ea2e'),
('6dd93562-a751-4a93-b679-2786c07d6503', '9268850b-bc00-49f1-8216-57470cd1ea2e'),
('9c48af2a-4524-4942-acc8-696744126593', '9268850b-bc00-49f1-8216-57470cd1ea2e'),
('ca99a63b-3a21-4e1a-8e2d-a6b09b487811', '9268850b-bc00-49f1-8216-57470cd1ea2e'),
('dbcfa78d-d04c-4f6e-b835-561dd7f274d6', '9268850b-bc00-49f1-8216-57470cd1ea2e'),
('014ac386-5310-401c-a8e1-65a0eb424719', '92d70c4b-7c7c-4719-92d1-0a063edd9507'),
('2bf68bdf-930f-4bb0-afa3-76975849faa5', '92d70c4b-7c7c-4719-92d1-0a063edd9507'),
('32937a83-b1a1-4ce5-a4e7-727177f53a0c', '92d70c4b-7c7c-4719-92d1-0a063edd9507'),
('392c221a-69eb-4e4c-b5d2-b34f878b922c', '92d70c4b-7c7c-4719-92d1-0a063edd9507'),
('3b0bdf67-1089-4298-b695-b24107b4ebc5', '92d70c4b-7c7c-4719-92d1-0a063edd9507'),
('3ed4d43d-6c4e-4fcd-940e-f8054a2f6476', '92d70c4b-7c7c-4719-92d1-0a063edd9507'),
('466f6e89-3ace-408b-bfe0-c15ab4f8079e', '92d70c4b-7c7c-4719-92d1-0a063edd9507'),
('5cfaa90a-6853-437f-96ac-42122826ac7a', '92d70c4b-7c7c-4719-92d1-0a063edd9507'),
('62c688a1-5a33-450f-ad8b-608f91becea5', '92d70c4b-7c7c-4719-92d1-0a063edd9507'),
('6d3a4d43-06ea-478e-9a19-e2a8ea1dd28d', '92d70c4b-7c7c-4719-92d1-0a063edd9507'),
('6dd93562-a751-4a93-b679-2786c07d6503', '92d70c4b-7c7c-4719-92d1-0a063edd9507'),
('9c48af2a-4524-4942-acc8-696744126593', '92d70c4b-7c7c-4719-92d1-0a063edd9507'),
('ca99a63b-3a21-4e1a-8e2d-a6b09b487811', '92d70c4b-7c7c-4719-92d1-0a063edd9507'),
('dbcfa78d-d04c-4f6e-b835-561dd7f274d6', '92d70c4b-7c7c-4719-92d1-0a063edd9507'),
('014ac386-5310-401c-a8e1-65a0eb424719', '96150fd6-8d73-447a-8d8d-acdffe23a85d'),
('14888037-ed3e-49a9-8ab6-bb1733c4da96', '96150fd6-8d73-447a-8d8d-acdffe23a85d'),
('2bf68bdf-930f-4bb0-afa3-76975849faa5', '96150fd6-8d73-447a-8d8d-acdffe23a85d'),
('32937a83-b1a1-4ce5-a4e7-727177f53a0c', '96150fd6-8d73-447a-8d8d-acdffe23a85d'),
('3b0bdf67-1089-4298-b695-b24107b4ebc5', '96150fd6-8d73-447a-8d8d-acdffe23a85d'),
('3ed4d43d-6c4e-4fcd-940e-f8054a2f6476', '96150fd6-8d73-447a-8d8d-acdffe23a85d'),
('466f6e89-3ace-408b-bfe0-c15ab4f8079e', '96150fd6-8d73-447a-8d8d-acdffe23a85d'),
('5cfaa90a-6853-437f-96ac-42122826ac7a', '96150fd6-8d73-447a-8d8d-acdffe23a85d'),
('6d3a4d43-06ea-478e-9a19-e2a8ea1dd28d', '96150fd6-8d73-447a-8d8d-acdffe23a85d'),
('6dd93562-a751-4a93-b679-2786c07d6503', '96150fd6-8d73-447a-8d8d-acdffe23a85d'),
('9c48af2a-4524-4942-acc8-696744126593', '96150fd6-8d73-447a-8d8d-acdffe23a85d'),
('ca99a63b-3a21-4e1a-8e2d-a6b09b487811', '96150fd6-8d73-447a-8d8d-acdffe23a85d'),
('dbcfa78d-d04c-4f6e-b835-561dd7f274d6', '96150fd6-8d73-447a-8d8d-acdffe23a85d'),
('014ac386-5310-401c-a8e1-65a0eb424719', 'a89b7a39-45d1-4c10-95db-62c4276c5a75'),
('2bf68bdf-930f-4bb0-afa3-76975849faa5', 'a89b7a39-45d1-4c10-95db-62c4276c5a75'),
('32937a83-b1a1-4ce5-a4e7-727177f53a0c', 'a89b7a39-45d1-4c10-95db-62c4276c5a75'),
('392c221a-69eb-4e4c-b5d2-b34f878b922c', 'a89b7a39-45d1-4c10-95db-62c4276c5a75'),
('3b0bdf67-1089-4298-b695-b24107b4ebc5', 'a89b7a39-45d1-4c10-95db-62c4276c5a75'),
('3ed4d43d-6c4e-4fcd-940e-f8054a2f6476', 'a89b7a39-45d1-4c10-95db-62c4276c5a75'),
('466f6e89-3ace-408b-bfe0-c15ab4f8079e', 'a89b7a39-45d1-4c10-95db-62c4276c5a75'),
('5cfaa90a-6853-437f-96ac-42122826ac7a', 'a89b7a39-45d1-4c10-95db-62c4276c5a75'),
('62c688a1-5a33-450f-ad8b-608f91becea5', 'a89b7a39-45d1-4c10-95db-62c4276c5a75'),
('6dd93562-a751-4a93-b679-2786c07d6503', 'a89b7a39-45d1-4c10-95db-62c4276c5a75'),
('9c48af2a-4524-4942-acc8-696744126593', 'a89b7a39-45d1-4c10-95db-62c4276c5a75'),
('ca99a63b-3a21-4e1a-8e2d-a6b09b487811', 'a89b7a39-45d1-4c10-95db-62c4276c5a75'),
('dbcfa78d-d04c-4f6e-b835-561dd7f274d6', 'a89b7a39-45d1-4c10-95db-62c4276c5a75'),
('014ac386-5310-401c-a8e1-65a0eb424719', 'ab65d6ce-a909-43b9-81cb-21c7f9f83ce0'),
('14888037-ed3e-49a9-8ab6-bb1733c4da96', 'ab65d6ce-a909-43b9-81cb-21c7f9f83ce0'),
('2bf68bdf-930f-4bb0-afa3-76975849faa5', 'ab65d6ce-a909-43b9-81cb-21c7f9f83ce0'),
('32937a83-b1a1-4ce5-a4e7-727177f53a0c', 'ab65d6ce-a909-43b9-81cb-21c7f9f83ce0'),
('392c221a-69eb-4e4c-b5d2-b34f878b922c', 'ab65d6ce-a909-43b9-81cb-21c7f9f83ce0'),
('3ed4d43d-6c4e-4fcd-940e-f8054a2f6476', 'ab65d6ce-a909-43b9-81cb-21c7f9f83ce0'),
('466f6e89-3ace-408b-bfe0-c15ab4f8079e', 'ab65d6ce-a909-43b9-81cb-21c7f9f83ce0'),
('5cfaa90a-6853-437f-96ac-42122826ac7a', 'ab65d6ce-a909-43b9-81cb-21c7f9f83ce0'),
('62c688a1-5a33-450f-ad8b-608f91becea5', 'ab65d6ce-a909-43b9-81cb-21c7f9f83ce0'),
('6d3a4d43-06ea-478e-9a19-e2a8ea1dd28d', 'ab65d6ce-a909-43b9-81cb-21c7f9f83ce0'),
('6dd93562-a751-4a93-b679-2786c07d6503', 'ab65d6ce-a909-43b9-81cb-21c7f9f83ce0'),
('ca99a63b-3a21-4e1a-8e2d-a6b09b487811', 'ab65d6ce-a909-43b9-81cb-21c7f9f83ce0'),
('dbcfa78d-d04c-4f6e-b835-561dd7f274d6', 'ab65d6ce-a909-43b9-81cb-21c7f9f83ce0'),
('14888037-ed3e-49a9-8ab6-bb1733c4da96', 'b100f1f3-2866-4e68-b4fa-df73b3dde4e2'),
('2bf68bdf-930f-4bb0-afa3-76975849faa5', 'b100f1f3-2866-4e68-b4fa-df73b3dde4e2'),
('32937a83-b1a1-4ce5-a4e7-727177f53a0c', 'b100f1f3-2866-4e68-b4fa-df73b3dde4e2'),
('392c221a-69eb-4e4c-b5d2-b34f878b922c', 'b100f1f3-2866-4e68-b4fa-df73b3dde4e2'),
('3b0bdf67-1089-4298-b695-b24107b4ebc5', 'b100f1f3-2866-4e68-b4fa-df73b3dde4e2'),
('3ed4d43d-6c4e-4fcd-940e-f8054a2f6476', 'b100f1f3-2866-4e68-b4fa-df73b3dde4e2'),
('466f6e89-3ace-408b-bfe0-c15ab4f8079e', 'b100f1f3-2866-4e68-b4fa-df73b3dde4e2'),
('5cfaa90a-6853-437f-96ac-42122826ac7a', 'b100f1f3-2866-4e68-b4fa-df73b3dde4e2'),
('6d3a4d43-06ea-478e-9a19-e2a8ea1dd28d', 'b100f1f3-2866-4e68-b4fa-df73b3dde4e2'),
('6dd93562-a751-4a93-b679-2786c07d6503', 'b100f1f3-2866-4e68-b4fa-df73b3dde4e2'),
('9c48af2a-4524-4942-acc8-696744126593', 'b100f1f3-2866-4e68-b4fa-df73b3dde4e2'),
('ca99a63b-3a21-4e1a-8e2d-a6b09b487811', 'b100f1f3-2866-4e68-b4fa-df73b3dde4e2'),
('dbcfa78d-d04c-4f6e-b835-561dd7f274d6', 'b100f1f3-2866-4e68-b4fa-df73b3dde4e2'),
('014ac386-5310-401c-a8e1-65a0eb424719', 'b66e43d5-527e-4ca3-96bf-2fad74747106'),
('14888037-ed3e-49a9-8ab6-bb1733c4da96', 'b66e43d5-527e-4ca3-96bf-2fad74747106'),
('2bf68bdf-930f-4bb0-afa3-76975849faa5', 'b66e43d5-527e-4ca3-96bf-2fad74747106'),
('392c221a-69eb-4e4c-b5d2-b34f878b922c', 'b66e43d5-527e-4ca3-96bf-2fad74747106'),
('3b0bdf67-1089-4298-b695-b24107b4ebc5', 'b66e43d5-527e-4ca3-96bf-2fad74747106'),
('3ed4d43d-6c4e-4fcd-940e-f8054a2f6476', 'b66e43d5-527e-4ca3-96bf-2fad74747106'),
('466f6e89-3ace-408b-bfe0-c15ab4f8079e', 'b66e43d5-527e-4ca3-96bf-2fad74747106'),
('5cfaa90a-6853-437f-96ac-42122826ac7a', 'b66e43d5-527e-4ca3-96bf-2fad74747106'),
('62c688a1-5a33-450f-ad8b-608f91becea5', 'b66e43d5-527e-4ca3-96bf-2fad74747106'),
('6d3a4d43-06ea-478e-9a19-e2a8ea1dd28d', 'b66e43d5-527e-4ca3-96bf-2fad74747106'),
('6dd93562-a751-4a93-b679-2786c07d6503', 'b66e43d5-527e-4ca3-96bf-2fad74747106'),
('9c48af2a-4524-4942-acc8-696744126593', 'b66e43d5-527e-4ca3-96bf-2fad74747106'),
('ca99a63b-3a21-4e1a-8e2d-a6b09b487811', 'b66e43d5-527e-4ca3-96bf-2fad74747106'),
('dbcfa78d-d04c-4f6e-b835-561dd7f274d6', 'b66e43d5-527e-4ca3-96bf-2fad74747106'),
('014ac386-5310-401c-a8e1-65a0eb424719', 'b9b97699-5fec-473f-9b05-d2a5fc333320'),
('14888037-ed3e-49a9-8ab6-bb1733c4da96', 'b9b97699-5fec-473f-9b05-d2a5fc333320'),
('2bf68bdf-930f-4bb0-afa3-76975849faa5', 'b9b97699-5fec-473f-9b05-d2a5fc333320'),
('32937a83-b1a1-4ce5-a4e7-727177f53a0c', 'b9b97699-5fec-473f-9b05-d2a5fc333320'),
('392c221a-69eb-4e4c-b5d2-b34f878b922c', 'b9b97699-5fec-473f-9b05-d2a5fc333320'),
('3b0bdf67-1089-4298-b695-b24107b4ebc5', 'b9b97699-5fec-473f-9b05-d2a5fc333320'),
('3ed4d43d-6c4e-4fcd-940e-f8054a2f6476', 'b9b97699-5fec-473f-9b05-d2a5fc333320'),
('466f6e89-3ace-408b-bfe0-c15ab4f8079e', 'b9b97699-5fec-473f-9b05-d2a5fc333320'),
('6dd93562-a751-4a93-b679-2786c07d6503', 'b9b97699-5fec-473f-9b05-d2a5fc333320'),
('9c48af2a-4524-4942-acc8-696744126593', 'b9b97699-5fec-473f-9b05-d2a5fc333320'),
('ca99a63b-3a21-4e1a-8e2d-a6b09b487811', 'b9b97699-5fec-473f-9b05-d2a5fc333320'),
('dbcfa78d-d04c-4f6e-b835-561dd7f274d6', 'b9b97699-5fec-473f-9b05-d2a5fc333320'),
('014ac386-5310-401c-a8e1-65a0eb424719', 'bc718688-23d3-4051-a6b5-2ed39c23794c'),
('32937a83-b1a1-4ce5-a4e7-727177f53a0c', 'bc718688-23d3-4051-a6b5-2ed39c23794c'),
('392c221a-69eb-4e4c-b5d2-b34f878b922c', 'bc718688-23d3-4051-a6b5-2ed39c23794c'),
('3b0bdf67-1089-4298-b695-b24107b4ebc5', 'bc718688-23d3-4051-a6b5-2ed39c23794c'),
('3ed4d43d-6c4e-4fcd-940e-f8054a2f6476', 'bc718688-23d3-4051-a6b5-2ed39c23794c'),
('466f6e89-3ace-408b-bfe0-c15ab4f8079e', 'bc718688-23d3-4051-a6b5-2ed39c23794c'),
('5cfaa90a-6853-437f-96ac-42122826ac7a', 'bc718688-23d3-4051-a6b5-2ed39c23794c'),
('62c688a1-5a33-450f-ad8b-608f91becea5', 'bc718688-23d3-4051-a6b5-2ed39c23794c'),
('6d3a4d43-06ea-478e-9a19-e2a8ea1dd28d', 'bc718688-23d3-4051-a6b5-2ed39c23794c'),
('6dd93562-a751-4a93-b679-2786c07d6503', 'bc718688-23d3-4051-a6b5-2ed39c23794c'),
('9c48af2a-4524-4942-acc8-696744126593', 'bc718688-23d3-4051-a6b5-2ed39c23794c'),
('ca99a63b-3a21-4e1a-8e2d-a6b09b487811', 'bc718688-23d3-4051-a6b5-2ed39c23794c'),
('dbcfa78d-d04c-4f6e-b835-561dd7f274d6', 'bc718688-23d3-4051-a6b5-2ed39c23794c'),
('014ac386-5310-401c-a8e1-65a0eb424719', 'bda6d811-d3fd-4e64-8c9c-1e25767b794a'),
('14888037-ed3e-49a9-8ab6-bb1733c4da96', 'bda6d811-d3fd-4e64-8c9c-1e25767b794a'),
('2bf68bdf-930f-4bb0-afa3-76975849faa5', 'bda6d811-d3fd-4e64-8c9c-1e25767b794a'),
('32937a83-b1a1-4ce5-a4e7-727177f53a0c', 'bda6d811-d3fd-4e64-8c9c-1e25767b794a'),
('392c221a-69eb-4e4c-b5d2-b34f878b922c', 'bda6d811-d3fd-4e64-8c9c-1e25767b794a'),
('3b0bdf67-1089-4298-b695-b24107b4ebc5', 'bda6d811-d3fd-4e64-8c9c-1e25767b794a'),
('3ed4d43d-6c4e-4fcd-940e-f8054a2f6476', 'bda6d811-d3fd-4e64-8c9c-1e25767b794a'),
('466f6e89-3ace-408b-bfe0-c15ab4f8079e', 'bda6d811-d3fd-4e64-8c9c-1e25767b794a'),
('5cfaa90a-6853-437f-96ac-42122826ac7a', 'bda6d811-d3fd-4e64-8c9c-1e25767b794a'),
('62c688a1-5a33-450f-ad8b-608f91becea5', 'bda6d811-d3fd-4e64-8c9c-1e25767b794a'),
('6dd93562-a751-4a93-b679-2786c07d6503', 'bda6d811-d3fd-4e64-8c9c-1e25767b794a'),
('9c48af2a-4524-4942-acc8-696744126593', 'bda6d811-d3fd-4e64-8c9c-1e25767b794a'),
('dbcfa78d-d04c-4f6e-b835-561dd7f274d6', 'bda6d811-d3fd-4e64-8c9c-1e25767b794a'),
('014ac386-5310-401c-a8e1-65a0eb424719', 'c21ac27d-f583-4eb2-8478-d111615c01b8'),
('2bf68bdf-930f-4bb0-afa3-76975849faa5', 'c21ac27d-f583-4eb2-8478-d111615c01b8'),
('32937a83-b1a1-4ce5-a4e7-727177f53a0c', 'c21ac27d-f583-4eb2-8478-d111615c01b8'),
('392c221a-69eb-4e4c-b5d2-b34f878b922c', 'c21ac27d-f583-4eb2-8478-d111615c01b8'),
('3b0bdf67-1089-4298-b695-b24107b4ebc5', 'c21ac27d-f583-4eb2-8478-d111615c01b8'),
('3ed4d43d-6c4e-4fcd-940e-f8054a2f6476', 'c21ac27d-f583-4eb2-8478-d111615c01b8'),
('5cfaa90a-6853-437f-96ac-42122826ac7a', 'c21ac27d-f583-4eb2-8478-d111615c01b8'),
('62c688a1-5a33-450f-ad8b-608f91becea5', 'c21ac27d-f583-4eb2-8478-d111615c01b8'),
('6d3a4d43-06ea-478e-9a19-e2a8ea1dd28d', 'c21ac27d-f583-4eb2-8478-d111615c01b8'),
('6dd93562-a751-4a93-b679-2786c07d6503', 'c21ac27d-f583-4eb2-8478-d111615c01b8'),
('9c48af2a-4524-4942-acc8-696744126593', 'c21ac27d-f583-4eb2-8478-d111615c01b8'),
('ca99a63b-3a21-4e1a-8e2d-a6b09b487811', 'c21ac27d-f583-4eb2-8478-d111615c01b8'),
('014ac386-5310-401c-a8e1-65a0eb424719', 'c4642158-b842-4e7c-bb8a-c4198669d903'),
('14888037-ed3e-49a9-8ab6-bb1733c4da96', 'c4642158-b842-4e7c-bb8a-c4198669d903'),
('2bf68bdf-930f-4bb0-afa3-76975849faa5', 'c4642158-b842-4e7c-bb8a-c4198669d903'),
('32937a83-b1a1-4ce5-a4e7-727177f53a0c', 'c4642158-b842-4e7c-bb8a-c4198669d903'),
('392c221a-69eb-4e4c-b5d2-b34f878b922c', 'c4642158-b842-4e7c-bb8a-c4198669d903'),
('3b0bdf67-1089-4298-b695-b24107b4ebc5', 'c4642158-b842-4e7c-bb8a-c4198669d903'),
('3ed4d43d-6c4e-4fcd-940e-f8054a2f6476', 'c4642158-b842-4e7c-bb8a-c4198669d903'),
('5cfaa90a-6853-437f-96ac-42122826ac7a', 'c4642158-b842-4e7c-bb8a-c4198669d903'),
('62c688a1-5a33-450f-ad8b-608f91becea5', 'c4642158-b842-4e7c-bb8a-c4198669d903'),
('6d3a4d43-06ea-478e-9a19-e2a8ea1dd28d', 'c4642158-b842-4e7c-bb8a-c4198669d903'),
('6dd93562-a751-4a93-b679-2786c07d6503', 'c4642158-b842-4e7c-bb8a-c4198669d903'),
('9c48af2a-4524-4942-acc8-696744126593', 'c4642158-b842-4e7c-bb8a-c4198669d903'),
('ca99a63b-3a21-4e1a-8e2d-a6b09b487811', 'c4642158-b842-4e7c-bb8a-c4198669d903'),
('dbcfa78d-d04c-4f6e-b835-561dd7f274d6', 'c4642158-b842-4e7c-bb8a-c4198669d903'),
('014ac386-5310-401c-a8e1-65a0eb424719', 'd2d7e8c9-d16d-4ab9-848a-2d12cf106ad9'),
('14888037-ed3e-49a9-8ab6-bb1733c4da96', 'd2d7e8c9-d16d-4ab9-848a-2d12cf106ad9'),
('32937a83-b1a1-4ce5-a4e7-727177f53a0c', 'd2d7e8c9-d16d-4ab9-848a-2d12cf106ad9'),
('392c221a-69eb-4e4c-b5d2-b34f878b922c', 'd2d7e8c9-d16d-4ab9-848a-2d12cf106ad9'),
('3ed4d43d-6c4e-4fcd-940e-f8054a2f6476', 'd2d7e8c9-d16d-4ab9-848a-2d12cf106ad9'),
('5cfaa90a-6853-437f-96ac-42122826ac7a', 'd2d7e8c9-d16d-4ab9-848a-2d12cf106ad9'),
('62c688a1-5a33-450f-ad8b-608f91becea5', 'd2d7e8c9-d16d-4ab9-848a-2d12cf106ad9'),
('6d3a4d43-06ea-478e-9a19-e2a8ea1dd28d', 'd2d7e8c9-d16d-4ab9-848a-2d12cf106ad9'),
('6dd93562-a751-4a93-b679-2786c07d6503', 'd2d7e8c9-d16d-4ab9-848a-2d12cf106ad9'),
('9c48af2a-4524-4942-acc8-696744126593', 'd2d7e8c9-d16d-4ab9-848a-2d12cf106ad9'),
('ca99a63b-3a21-4e1a-8e2d-a6b09b487811', 'd2d7e8c9-d16d-4ab9-848a-2d12cf106ad9'),
('dbcfa78d-d04c-4f6e-b835-561dd7f274d6', 'd2d7e8c9-d16d-4ab9-848a-2d12cf106ad9'),
('014ac386-5310-401c-a8e1-65a0eb424719', 'd308296f-a7cb-4c0e-b885-ac720b7e3921'),
('14888037-ed3e-49a9-8ab6-bb1733c4da96', 'd308296f-a7cb-4c0e-b885-ac720b7e3921'),
('2bf68bdf-930f-4bb0-afa3-76975849faa5', 'd308296f-a7cb-4c0e-b885-ac720b7e3921'),
('32937a83-b1a1-4ce5-a4e7-727177f53a0c', 'd308296f-a7cb-4c0e-b885-ac720b7e3921'),
('392c221a-69eb-4e4c-b5d2-b34f878b922c', 'd308296f-a7cb-4c0e-b885-ac720b7e3921'),
('3b0bdf67-1089-4298-b695-b24107b4ebc5', 'd308296f-a7cb-4c0e-b885-ac720b7e3921'),
('3ed4d43d-6c4e-4fcd-940e-f8054a2f6476', 'd308296f-a7cb-4c0e-b885-ac720b7e3921'),
('466f6e89-3ace-408b-bfe0-c15ab4f8079e', 'd308296f-a7cb-4c0e-b885-ac720b7e3921'),
('5cfaa90a-6853-437f-96ac-42122826ac7a', 'd308296f-a7cb-4c0e-b885-ac720b7e3921'),
('62c688a1-5a33-450f-ad8b-608f91becea5', 'd308296f-a7cb-4c0e-b885-ac720b7e3921'),
('6d3a4d43-06ea-478e-9a19-e2a8ea1dd28d', 'd308296f-a7cb-4c0e-b885-ac720b7e3921'),
('6dd93562-a751-4a93-b679-2786c07d6503', 'd308296f-a7cb-4c0e-b885-ac720b7e3921'),
('9c48af2a-4524-4942-acc8-696744126593', 'd308296f-a7cb-4c0e-b885-ac720b7e3921'),
('ca99a63b-3a21-4e1a-8e2d-a6b09b487811', 'd308296f-a7cb-4c0e-b885-ac720b7e3921'),
('014ac386-5310-401c-a8e1-65a0eb424719', 'd56e7726-2d58-404e-8e8e-c7132d8ec672'),
('14888037-ed3e-49a9-8ab6-bb1733c4da96', 'd56e7726-2d58-404e-8e8e-c7132d8ec672'),
('2bf68bdf-930f-4bb0-afa3-76975849faa5', 'd56e7726-2d58-404e-8e8e-c7132d8ec672'),
('32937a83-b1a1-4ce5-a4e7-727177f53a0c', 'd56e7726-2d58-404e-8e8e-c7132d8ec672'),
('392c221a-69eb-4e4c-b5d2-b34f878b922c', 'd56e7726-2d58-404e-8e8e-c7132d8ec672'),
('3b0bdf67-1089-4298-b695-b24107b4ebc5', 'd56e7726-2d58-404e-8e8e-c7132d8ec672'),
('5cfaa90a-6853-437f-96ac-42122826ac7a', 'd56e7726-2d58-404e-8e8e-c7132d8ec672'),
('62c688a1-5a33-450f-ad8b-608f91becea5', 'd56e7726-2d58-404e-8e8e-c7132d8ec672'),
('6d3a4d43-06ea-478e-9a19-e2a8ea1dd28d', 'd56e7726-2d58-404e-8e8e-c7132d8ec672'),
('6dd93562-a751-4a93-b679-2786c07d6503', 'd56e7726-2d58-404e-8e8e-c7132d8ec672'),
('9c48af2a-4524-4942-acc8-696744126593', 'd56e7726-2d58-404e-8e8e-c7132d8ec672'),
('ca99a63b-3a21-4e1a-8e2d-a6b09b487811', 'd56e7726-2d58-404e-8e8e-c7132d8ec672'),
('014ac386-5310-401c-a8e1-65a0eb424719', 'd831875b-4fc1-405c-97d3-65bbfd3068bb'),
('2bf68bdf-930f-4bb0-afa3-76975849faa5', 'd831875b-4fc1-405c-97d3-65bbfd3068bb'),
('32937a83-b1a1-4ce5-a4e7-727177f53a0c', 'd831875b-4fc1-405c-97d3-65bbfd3068bb'),
('392c221a-69eb-4e4c-b5d2-b34f878b922c', 'd831875b-4fc1-405c-97d3-65bbfd3068bb'),
('3ed4d43d-6c4e-4fcd-940e-f8054a2f6476', 'd831875b-4fc1-405c-97d3-65bbfd3068bb'),
('466f6e89-3ace-408b-bfe0-c15ab4f8079e', 'd831875b-4fc1-405c-97d3-65bbfd3068bb'),
('5cfaa90a-6853-437f-96ac-42122826ac7a', 'd831875b-4fc1-405c-97d3-65bbfd3068bb'),
('62c688a1-5a33-450f-ad8b-608f91becea5', 'd831875b-4fc1-405c-97d3-65bbfd3068bb'),
('6d3a4d43-06ea-478e-9a19-e2a8ea1dd28d', 'd831875b-4fc1-405c-97d3-65bbfd3068bb'),
('6dd93562-a751-4a93-b679-2786c07d6503', 'd831875b-4fc1-405c-97d3-65bbfd3068bb'),
('9c48af2a-4524-4942-acc8-696744126593', 'd831875b-4fc1-405c-97d3-65bbfd3068bb'),
('ca99a63b-3a21-4e1a-8e2d-a6b09b487811', 'd831875b-4fc1-405c-97d3-65bbfd3068bb'),
('dbcfa78d-d04c-4f6e-b835-561dd7f274d6', 'd831875b-4fc1-405c-97d3-65bbfd3068bb'),
('014ac386-5310-401c-a8e1-65a0eb424719', 'dac4a240-b3a8-4396-9a08-476596fbb879'),
('14888037-ed3e-49a9-8ab6-bb1733c4da96', 'dac4a240-b3a8-4396-9a08-476596fbb879'),
('2bf68bdf-930f-4bb0-afa3-76975849faa5', 'dac4a240-b3a8-4396-9a08-476596fbb879'),
('32937a83-b1a1-4ce5-a4e7-727177f53a0c', 'dac4a240-b3a8-4396-9a08-476596fbb879'),
('392c221a-69eb-4e4c-b5d2-b34f878b922c', 'dac4a240-b3a8-4396-9a08-476596fbb879'),
('3b0bdf67-1089-4298-b695-b24107b4ebc5', 'dac4a240-b3a8-4396-9a08-476596fbb879'),
('3ed4d43d-6c4e-4fcd-940e-f8054a2f6476', 'dac4a240-b3a8-4396-9a08-476596fbb879'),
('5cfaa90a-6853-437f-96ac-42122826ac7a', 'dac4a240-b3a8-4396-9a08-476596fbb879'),
('6d3a4d43-06ea-478e-9a19-e2a8ea1dd28d', 'dac4a240-b3a8-4396-9a08-476596fbb879'),
('6dd93562-a751-4a93-b679-2786c07d6503', 'dac4a240-b3a8-4396-9a08-476596fbb879'),
('9c48af2a-4524-4942-acc8-696744126593', 'dac4a240-b3a8-4396-9a08-476596fbb879'),
('ca99a63b-3a21-4e1a-8e2d-a6b09b487811', 'dac4a240-b3a8-4396-9a08-476596fbb879'),
('dbcfa78d-d04c-4f6e-b835-561dd7f274d6', 'dac4a240-b3a8-4396-9a08-476596fbb879'),
('14888037-ed3e-49a9-8ab6-bb1733c4da96', 'e727fc3b-edd1-4a61-b7b5-35976aa1ae2b'),
('2bf68bdf-930f-4bb0-afa3-76975849faa5', 'e727fc3b-edd1-4a61-b7b5-35976aa1ae2b'),
('32937a83-b1a1-4ce5-a4e7-727177f53a0c', 'e727fc3b-edd1-4a61-b7b5-35976aa1ae2b'),
('392c221a-69eb-4e4c-b5d2-b34f878b922c', 'e727fc3b-edd1-4a61-b7b5-35976aa1ae2b'),
('3b0bdf67-1089-4298-b695-b24107b4ebc5', 'e727fc3b-edd1-4a61-b7b5-35976aa1ae2b'),
('3ed4d43d-6c4e-4fcd-940e-f8054a2f6476', 'e727fc3b-edd1-4a61-b7b5-35976aa1ae2b'),
('466f6e89-3ace-408b-bfe0-c15ab4f8079e', 'e727fc3b-edd1-4a61-b7b5-35976aa1ae2b'),
('5cfaa90a-6853-437f-96ac-42122826ac7a', 'e727fc3b-edd1-4a61-b7b5-35976aa1ae2b'),
('62c688a1-5a33-450f-ad8b-608f91becea5', 'e727fc3b-edd1-4a61-b7b5-35976aa1ae2b'),
('6dd93562-a751-4a93-b679-2786c07d6503', 'e727fc3b-edd1-4a61-b7b5-35976aa1ae2b'),
('9c48af2a-4524-4942-acc8-696744126593', 'e727fc3b-edd1-4a61-b7b5-35976aa1ae2b'),
('ca99a63b-3a21-4e1a-8e2d-a6b09b487811', 'e727fc3b-edd1-4a61-b7b5-35976aa1ae2b'),
('dbcfa78d-d04c-4f6e-b835-561dd7f274d6', 'e727fc3b-edd1-4a61-b7b5-35976aa1ae2b'),
('014ac386-5310-401c-a8e1-65a0eb424719', 'ea6ed370-c1ea-4291-bdae-a2648d219e93'),
('14888037-ed3e-49a9-8ab6-bb1733c4da96', 'ea6ed370-c1ea-4291-bdae-a2648d219e93'),
('2bf68bdf-930f-4bb0-afa3-76975849faa5', 'ea6ed370-c1ea-4291-bdae-a2648d219e93'),
('32937a83-b1a1-4ce5-a4e7-727177f53a0c', 'ea6ed370-c1ea-4291-bdae-a2648d219e93'),
('392c221a-69eb-4e4c-b5d2-b34f878b922c', 'ea6ed370-c1ea-4291-bdae-a2648d219e93'),
('3b0bdf67-1089-4298-b695-b24107b4ebc5', 'ea6ed370-c1ea-4291-bdae-a2648d219e93'),
('466f6e89-3ace-408b-bfe0-c15ab4f8079e', 'ea6ed370-c1ea-4291-bdae-a2648d219e93'),
('5cfaa90a-6853-437f-96ac-42122826ac7a', 'ea6ed370-c1ea-4291-bdae-a2648d219e93'),
('6d3a4d43-06ea-478e-9a19-e2a8ea1dd28d', 'ea6ed370-c1ea-4291-bdae-a2648d219e93'),
('6dd93562-a751-4a93-b679-2786c07d6503', 'ea6ed370-c1ea-4291-bdae-a2648d219e93'),
('9c48af2a-4524-4942-acc8-696744126593', 'ea6ed370-c1ea-4291-bdae-a2648d219e93'),
('dbcfa78d-d04c-4f6e-b835-561dd7f274d6', 'ea6ed370-c1ea-4291-bdae-a2648d219e93'),
('014ac386-5310-401c-a8e1-65a0eb424719', 'edcc1093-3026-44cb-827d-d6c0aa92a5d2'),
('2bf68bdf-930f-4bb0-afa3-76975849faa5', 'edcc1093-3026-44cb-827d-d6c0aa92a5d2'),
('32937a83-b1a1-4ce5-a4e7-727177f53a0c', 'edcc1093-3026-44cb-827d-d6c0aa92a5d2'),
('392c221a-69eb-4e4c-b5d2-b34f878b922c', 'edcc1093-3026-44cb-827d-d6c0aa92a5d2'),
('3b0bdf67-1089-4298-b695-b24107b4ebc5', 'edcc1093-3026-44cb-827d-d6c0aa92a5d2'),
('3ed4d43d-6c4e-4fcd-940e-f8054a2f6476', 'edcc1093-3026-44cb-827d-d6c0aa92a5d2'),
('5cfaa90a-6853-437f-96ac-42122826ac7a', 'edcc1093-3026-44cb-827d-d6c0aa92a5d2'),
('62c688a1-5a33-450f-ad8b-608f91becea5', 'edcc1093-3026-44cb-827d-d6c0aa92a5d2'),
('6d3a4d43-06ea-478e-9a19-e2a8ea1dd28d', 'edcc1093-3026-44cb-827d-d6c0aa92a5d2'),
('6dd93562-a751-4a93-b679-2786c07d6503', 'edcc1093-3026-44cb-827d-d6c0aa92a5d2'),
('9c48af2a-4524-4942-acc8-696744126593', 'edcc1093-3026-44cb-827d-d6c0aa92a5d2'),
('ca99a63b-3a21-4e1a-8e2d-a6b09b487811', 'edcc1093-3026-44cb-827d-d6c0aa92a5d2'),
('014ac386-5310-401c-a8e1-65a0eb424719', 'fb2cb61f-df23-4668-b338-c587f924ce00'),
('14888037-ed3e-49a9-8ab6-bb1733c4da96', 'fb2cb61f-df23-4668-b338-c587f924ce00'),
('2bf68bdf-930f-4bb0-afa3-76975849faa5', 'fb2cb61f-df23-4668-b338-c587f924ce00'),
('32937a83-b1a1-4ce5-a4e7-727177f53a0c', 'fb2cb61f-df23-4668-b338-c587f924ce00'),
('392c221a-69eb-4e4c-b5d2-b34f878b922c', 'fb2cb61f-df23-4668-b338-c587f924ce00'),
('3b0bdf67-1089-4298-b695-b24107b4ebc5', 'fb2cb61f-df23-4668-b338-c587f924ce00'),
('3ed4d43d-6c4e-4fcd-940e-f8054a2f6476', 'fb2cb61f-df23-4668-b338-c587f924ce00'),
('466f6e89-3ace-408b-bfe0-c15ab4f8079e', 'fb2cb61f-df23-4668-b338-c587f924ce00'),
('5cfaa90a-6853-437f-96ac-42122826ac7a', 'fb2cb61f-df23-4668-b338-c587f924ce00'),
('62c688a1-5a33-450f-ad8b-608f91becea5', 'fb2cb61f-df23-4668-b338-c587f924ce00'),
('6d3a4d43-06ea-478e-9a19-e2a8ea1dd28d', 'fb2cb61f-df23-4668-b338-c587f924ce00'),
('6dd93562-a751-4a93-b679-2786c07d6503', 'fb2cb61f-df23-4668-b338-c587f924ce00'),
('9c48af2a-4524-4942-acc8-696744126593', 'fb2cb61f-df23-4668-b338-c587f924ce00'),
('dbcfa78d-d04c-4f6e-b835-561dd7f274d6', 'fb2cb61f-df23-4668-b338-c587f924ce00'),
('014ac386-5310-401c-a8e1-65a0eb424719', 'fbd331e7-0524-4147-8ef3-d713c7ce5493'),
('14888037-ed3e-49a9-8ab6-bb1733c4da96', 'fbd331e7-0524-4147-8ef3-d713c7ce5493'),
('2bf68bdf-930f-4bb0-afa3-76975849faa5', 'fbd331e7-0524-4147-8ef3-d713c7ce5493'),
('32937a83-b1a1-4ce5-a4e7-727177f53a0c', 'fbd331e7-0524-4147-8ef3-d713c7ce5493'),
('392c221a-69eb-4e4c-b5d2-b34f878b922c', 'fbd331e7-0524-4147-8ef3-d713c7ce5493'),
('3ed4d43d-6c4e-4fcd-940e-f8054a2f6476', 'fbd331e7-0524-4147-8ef3-d713c7ce5493'),
('466f6e89-3ace-408b-bfe0-c15ab4f8079e', 'fbd331e7-0524-4147-8ef3-d713c7ce5493'),
('5cfaa90a-6853-437f-96ac-42122826ac7a', 'fbd331e7-0524-4147-8ef3-d713c7ce5493'),
('62c688a1-5a33-450f-ad8b-608f91becea5', 'fbd331e7-0524-4147-8ef3-d713c7ce5493'),
('6d3a4d43-06ea-478e-9a19-e2a8ea1dd28d', 'fbd331e7-0524-4147-8ef3-d713c7ce5493'),
('6dd93562-a751-4a93-b679-2786c07d6503', 'fbd331e7-0524-4147-8ef3-d713c7ce5493'),
('9c48af2a-4524-4942-acc8-696744126593', 'fbd331e7-0524-4147-8ef3-d713c7ce5493'),
('ca99a63b-3a21-4e1a-8e2d-a6b09b487811', 'fbd331e7-0524-4147-8ef3-d713c7ce5493'),
('dbcfa78d-d04c-4f6e-b835-561dd7f274d6', 'fbd331e7-0524-4147-8ef3-d713c7ce5493'),
('014ac386-5310-401c-a8e1-65a0eb424719', 'fceb24c5-0ff9-4b54-a279-0486461c8d2c'),
('2bf68bdf-930f-4bb0-afa3-76975849faa5', 'fceb24c5-0ff9-4b54-a279-0486461c8d2c'),
('3b0bdf67-1089-4298-b695-b24107b4ebc5', 'fceb24c5-0ff9-4b54-a279-0486461c8d2c'),
('3ed4d43d-6c4e-4fcd-940e-f8054a2f6476', 'fceb24c5-0ff9-4b54-a279-0486461c8d2c'),
('466f6e89-3ace-408b-bfe0-c15ab4f8079e', 'fceb24c5-0ff9-4b54-a279-0486461c8d2c'),
('5cfaa90a-6853-437f-96ac-42122826ac7a', 'fceb24c5-0ff9-4b54-a279-0486461c8d2c'),
('62c688a1-5a33-450f-ad8b-608f91becea5', 'fceb24c5-0ff9-4b54-a279-0486461c8d2c'),
('6d3a4d43-06ea-478e-9a19-e2a8ea1dd28d', 'fceb24c5-0ff9-4b54-a279-0486461c8d2c'),
('9c48af2a-4524-4942-acc8-696744126593', 'fceb24c5-0ff9-4b54-a279-0486461c8d2c'),
('ca99a63b-3a21-4e1a-8e2d-a6b09b487811', 'fceb24c5-0ff9-4b54-a279-0486461c8d2c'),
('dbcfa78d-d04c-4f6e-b835-561dd7f274d6', 'fceb24c5-0ff9-4b54-a279-0486461c8d2c'),
('014ac386-5310-401c-a8e1-65a0eb424719', 'fe155caf-5432-485d-9589-2dfc11b86a1f'),
('14888037-ed3e-49a9-8ab6-bb1733c4da96', 'fe155caf-5432-485d-9589-2dfc11b86a1f'),
('2bf68bdf-930f-4bb0-afa3-76975849faa5', 'fe155caf-5432-485d-9589-2dfc11b86a1f'),
('32937a83-b1a1-4ce5-a4e7-727177f53a0c', 'fe155caf-5432-485d-9589-2dfc11b86a1f'),
('392c221a-69eb-4e4c-b5d2-b34f878b922c', 'fe155caf-5432-485d-9589-2dfc11b86a1f'),
('3b0bdf67-1089-4298-b695-b24107b4ebc5', 'fe155caf-5432-485d-9589-2dfc11b86a1f'),
('3ed4d43d-6c4e-4fcd-940e-f8054a2f6476', 'fe155caf-5432-485d-9589-2dfc11b86a1f'),
('466f6e89-3ace-408b-bfe0-c15ab4f8079e', 'fe155caf-5432-485d-9589-2dfc11b86a1f'),
('5cfaa90a-6853-437f-96ac-42122826ac7a', 'fe155caf-5432-485d-9589-2dfc11b86a1f'),
('6d3a4d43-06ea-478e-9a19-e2a8ea1dd28d', 'fe155caf-5432-485d-9589-2dfc11b86a1f'),
('6dd93562-a751-4a93-b679-2786c07d6503', 'fe155caf-5432-485d-9589-2dfc11b86a1f'),
('9c48af2a-4524-4942-acc8-696744126593', 'fe155caf-5432-485d-9589-2dfc11b86a1f'),
('ca99a63b-3a21-4e1a-8e2d-a6b09b487811', 'fe155caf-5432-485d-9589-2dfc11b86a1f'),
('dbcfa78d-d04c-4f6e-b835-561dd7f274d6', 'fe155caf-5432-485d-9589-2dfc11b86a1f');

INSERT INTO `teams` (`id`, `name`) VALUES
('62e16dfe-5db2-4cb1-b42f-b22720b7754a', 'AssaultSmall');
INSERT INTO `teams` (`id`, `name`) VALUES
('c4642158-b842-4e7c-bb8a-c4198669d903', 'BanditMulti');
INSERT INTO `teams` (`id`, `name`) VALUES
('3907b32d-6b05-44da-ae4e-933afe788d7c', 'BanditVortex');
INSERT INTO `teams` (`id`, `name`) VALUES
('a89b7a39-45d1-4c10-95db-62c4276c5a75', 'BountyHawker'),
('bc718688-23d3-4051-a6b5-2ed39c23794c', 'BreakerBounty'),
('637026e6-9440-4db4-a364-a0929307d74e', 'BreakerGun'),
('d56e7726-2d58-404e-8e8e-c7132d8ec672', 'BrokenElevator'),
('43b1650a-4491-415e-a1f2-0290fde0c5af', 'CashYellow'),
('fceb24c5-0ff9-4b54-a279-0486461c8d2c', 'ChuckleMelt'),
('7ae42420-e772-4916-a928-b37f0d3894eb', 'ColtTall'),
('5f203154-a922-4dbf-b223-d5aedab99beb', 'DeathDeeper'),
('fb2cb61f-df23-4668-b338-c587f924ce00', 'DeceitDead'),
('ab65d6ce-a909-43b9-81cb-21c7f9f83ce0', 'DeeperAlpha'),
('b9b97699-5fec-473f-9b05-d2a5fc333320', 'DeepestFalling'),
('38d0e602-d940-46ca-92e2-142c43d349e9', 'DemonElevator'),
('bda6d811-d3fd-4e64-8c9c-1e25767b794a', 'DemonScript'),
('d2d7e8c9-d16d-4ab9-848a-2d12cf106ad9', 'DonkeyTall'),
('7753194a-d9df-4674-a4d4-eece72d47774', 'EnemyWolf'),
('e727fc3b-edd1-4a61-b7b5-35976aa1ae2b', 'FellSlash'),
('3f0504e9-8547-4cab-b8cf-6278551250af', 'FlyMule'),
('c21ac27d-f583-4eb2-8478-d111615c01b8', 'GameZombie'),
('8e8bc24d-24b2-4128-96cf-fe606c263250', 'GermSquid'),
('13eef08b-e2df-4eed-bfd5-71aae92fb545', 'GlowLight'),
('40d22fea-2db2-4e9d-94af-f4aec33824b7', 'GreaseDemon'),
('3287b4d7-a75b-485f-bf02-65206ce41c12', 'GreaseRooster'),
('9268850b-bc00-49f1-8216-57470cd1ea2e', 'HappyLight'),
('13635a02-dde5-413f-b400-1c3be0434456', 'HawkerMew'),
('49ea6de7-5401-4cf1-8fac-d9d022cfa38e', 'IceDeath'),
('edcc1093-3026-44cb-827d-d6c0aa92a5d2', 'JanitorSoar'),
('d308296f-a7cb-4c0e-b885-ac720b7e3921', 'KidClose'),
('96150fd6-8d73-447a-8d8d-acdffe23a85d', 'KittyDeeper'),
('92d70c4b-7c7c-4719-92d1-0a063edd9507', 'KittyHead'),
('070c5f30-97de-4d9b-b27b-220f61357e02', 'LightZero'),
('fe155caf-5432-485d-9589-2dfc11b86a1f', 'MeltedRend'),
('4cfe835b-e194-410a-a1b0-66425ce7e73e', 'MeltRooster'),
('68caf186-0798-4db6-9ec8-3b7ac7ade9b0', 'MemoryDuke'),
('42c81fd8-7213-4d51-8c75-c0df60491f92', 'MorrowLight'),
('fbd331e7-0524-4147-8ef3-d713c7ce5493', 'ReadyFire'),
('5014d752-8588-43a2-b339-089b6f71fcaa', 'RestFalling'),
('390d9347-2a6f-45f2-8596-841c4ff0daff', 'SargeSand'),
('ea6ed370-c1ea-4291-bdae-a2648d219e93', 'SealUniverse'),
('b66e43d5-527e-4ca3-96bf-2fad74747106', 'SickLegacy'),
('dac4a240-b3a8-4396-9a08-476596fbb879', 'SithSandwich'),
('b100f1f3-2866-4e68-b4fa-df73b3dde4e2', 'SliceCliff'),
('454a3bb8-8e29-4f6b-b120-ea967041acc0', 'SmallDeeper'),
('7df26fae-5cc6-4424-8d8d-5847a28e635d', 'ThemeCaptain'),
('1979dbdd-9bef-4e55-8d44-1518aad2660a', 'TrooperDessert'),
('d831875b-4fc1-405c-97d3-65bbfd3068bb', 'TrooperRest'),
('3bc66785-b143-46e5-9148-c68eb5292812', 'WolfExtreme'),
('37f87e63-1ffa-4724-b1c9-61839a0b5a62', 'WriterSeal');


/*!40101 SET SQL_MODE=@OLD_SQL_MODE */;
/*!40014 SET FOREIGN_KEY_CHECKS=@OLD_FOREIGN_KEY_CHECKS */;
/*!40014 SET UNIQUE_CHECKS=@OLD_UNIQUE_CHECKS */;
/*!40101 SET CHARACTER_SET_CLIENT=@OLD_CHARACTER_SET_CLIENT */;
/*!40101 SET CHARACTER_SET_RESULTS=@OLD_CHARACTER_SET_RESULTS */;
/*!40101 SET COLLATION_CONNECTION=@OLD_COLLATION_CONNECTION */;
/*!40111 SET SQL_NOTES=@OLD_SQL_NOTES */;